MOVIE,OBO,UA_T,TA_T,DI_T,FC_T,Year,Genre,Studio
MAMA,32147815,6,27,26,1,2013,HORROR,AA
ZERO DARK THIRTY,24438936,10,44,34,4,2013,ACTION DRAMA,AA
TEXAS CHAINSAW 3D,21744470,7,61,27,4,2013,HORROR,AA
HANSEL & GRETEL: WITCH HUNTERS,19690956,5,60,31,3,2013,ACTION ADVENTURE,AA
A HAUNTED HOUSE,18101682,4,36,36,1,2013,COMEDY,AA
GANGSTER SQUAD,17070347,5,54,40,3,2013,ACTION DRAMA,AA
BROKEN CITY,9549459,2,36,31,2,2013,HUMN INTST DRMA,AA
THE LAST STAND,7213327,2,50,25,2,2013,ACTION,AA
PARKER,7008222,0,25,30,0,2013,ACTION DRAMA,AA
MOVIE 43,4805878,4,36,33,1,2013,ZANY COMEDY,AA
PROMISED LAND (2012),4049911,0,33,25,1,2013,HUMN INTST DRMA,AA
IDENTITY THIEF,34551025,6,58,38,5,2013,HUMN INTST CMDY,AA
A GOOD DAY TO DIE HARD,28640657,6,74,47,11,2013,ACTION,AA
SAFE HAVEN,24469155,4,52,27,3,2013,ROMANTIC DRAMA,AA
ESCAPE FROM PLANET EARTH,21101976,5,46,35,2,2013,FAMILY,AA
WARM BODIES,20353967,4,32,36,2,2013,ROMANTIC DRAMA,AA
SNITCH,13167607,4,51,33,2,2013,SUSPNS/THRILLER,AA
SIDE EFFECTS (2013),9303145,1,42,33,2,2013,SUSPNS/THRILLER,AA
BEAUTIFUL CREATURES (2013),8945261,3,46,31,3,2013,ROMANTIC DRAMA,AA
DARK SKIES,8189166,3,33,23,0,2013,SUSPNS/THRILLER,AA
BULLET TO THE HEAD,4548201,2,36,28,0,2013,ACTION DRAMA,AA
OZ THE GREAT AND POWERFUL,79110453,19,75,48,13,2013,ACTION ADVENTURE,AA
THE CROODS,43639736,10,46,34,3,2013,ANIMATION,AA
G.I. JOE: RETALIATION,40501814,9,72,42,10,2013,ACTION DRAMA,AA
OLYMPUS HAS FALLEN,30373794,4,43,41,5,2013,ACTION DRAMA,AA
JACK THE GIANT SLAYER,27202226,9,61,32,6,2013,ACTION ADVENTURE,AA
TYLER PERRY'S TEMPTATION,21641679,3,45,31,5,2013,ROMANTIC DRAMA,AA
THE CALL,17118745,4,43,32,4,2013,THRILLER,AA
THE HOST (2013),10600112,3,40,31,2,2013,THRILLER,AA
THE INCREDIBLE BURT WONDERSTONE,10177257,2,43,32,3,2013,COMEDY,AA
21 AND OVER,8754168,4,42,31,2,2013,ZANY COMEDY,AA
THE LAST EXORCISM II,7728354,1,46,25,2,2013,HORROR,AA
ADMISSION,6154984,1,36,29,1,2013,HUMN INTST CMDY,AA
DEAD MAN DOWN,5345250,1,40,32,1,2013,SUSPNS/THRILLER,AA
OBLIVION,37054485,11,60,40,6,2013,ACTION DRAMA,AA
42,27487144,5,37,30,2,2013,HUMN INTST DRMA,AA
EVIL DEAD,25775847,6,41,35,4,2013,HORROR,AA
PAIN & GAIN,20244505,6,49,37,4,2013,ACTION COMEDY,AA
JURASSIC PARK 3D,18620145,5,71,33,5,2013,ACTION ADVENTURE,AA
SCARY MOVIE 5,14157367,8,66,32,2,2013,ZANY COMEDY,AA
THE BIG WEDDING,7591663,7,38,31,5,2013,ROMANTIC COMEDY,AA
IRON MAN 3,174144585,25,92,69,30,2013,ACTION DRAMA,AA
FAST & FURIOUS 6,117036995,19,88,49,11,2013,ACTION DRAMA,AA
STAR TREK INTO DARKNESS,70165559,17,79,49,13,2013,ACTION ADVENTURE,AA
THE HANGOVER PART III,50262366,15,87,49,9,2013,COMEDY,AA
THE GREAT GATSBY (2013),50085184,11,80,45,13,2013,DRAMA,AA
EPIC,42820971,13,60,36,3,2013,FAMILY,AA
NOW YOU SEE ME,29254674,5,50,38,3,2013,ACTION DRAMA,AA
AFTER EARTH,27520040,7,71,41,7,2013,ACTION DRAMA,AA
TYLER PERRY PRESENTS PEEPLES,4611534,0,40,28,3,2013,HUMN INTST CMDY,AA
MAN OF STEEL,116619362,26,75,50,11,2013,ACTION ADVENTURE,AA
MONSTERS UNIVERSITY,82429469,18,88,49,6,2013,FAMILY,AA
WORLD WAR Z,66411834,13,77,40,6,2013,HORROR,AA
THE HEAT,39115043,8,53,33,5,2013,COMEDY,AA
THE PURGE,34058360,5,37,34,2,2013,THRILLER,AA
WHITE HOUSE DOWN,24852258,5,66,36,3,2013,ACTION DRAMA,AA
THIS IS THE END,20719162,5,52,35,2,2013,ZANY COMEDY,AA
THE INTERNSHIP,17325307,5,60,29,2,2013,COMEDY,AA
DESPICABLE ME 2,83517315,23,92,47,6,2013,FAMILY,AA
THE WOLVERINE,53113752,11,82,50,9,2013,ACTION,AA
THE CONJURING,41855326,5,33,30,1,2013,HORROR,AA
GROWN UPS 2,41508572,9,80,40,6,2013,HUMN INTST CMDY,AA
PACIFIC RIM,37285325,6,40,36,3,2013,ACTION DRAMA,AA
TURBO,21312625,11,54,32,1,2013,FAMILY,AA
RED 2,18048422,9,57,38,4,2013,ACTION COMEDY,AA
THE SMURFS 2,17548389,12,73,25,1,2013,COMEDY,AA
R.I.P.D.,12691415,7,49,32,1,2013,ACTION COMEDY,AA
ELYSIUM,29807393,5,51,41,5,2013,ACTION DRAMA,AA
2 GUNS,27059130,7,49,39,3,2013,ACTION DRAMA,AA
WE'RE THE MILLERS,26419396,5,51,30,3,2013,HUMN INTST CMDY,AA
LEE DANIELS' THE BUTLER,24637312,3,37,34,2,2013,HUMN INTST DRMA,AA
PLANES,22232291,10,63,34,3,2013,FAMILY,AA
ONE DIRECTION: THIS IS US,18472875,3,37,17,1,2013,DOCUMENTARY,AA
PERCY JACKSON: SEA OF MONSTERS,14401054,7,59,40,2,2013,FAMILY,AA
KICK-ASS 2,13332955,5,66,35,4,2013,ACTION COMEDY,AA
THE MORTAL INSTRUMENTS: CITY OF BONES,9336957,3,29,30,2,2013,DRAMA,AA
THE WORLD'S END,8790237,4,48,31,3,2013,COMEDY,AA
YOU'RE NEXT,7020196,0,27,24,2,2013,HORROR,AA
JOBS,6713900,0,36,25,1,2013,HUMN INTST DRMA,AA
GETAWAY,5606142,0,37,27,1,2013,ACTION DRAMA,AA
PARANOIA,3528376,3,44,27,1,2013,SUSPNS/THRILLER,AA
INSIDIOUS CHAPTER 2,40272103,9,57,39,6,2013,HORROR,AA
CLOUDY WITH A CHANCE OF MEATBALLS 2,34017930,16,82,41,7,2013,FAMILY,AA
PRISONERS,20817053,6,52,38,5,2013,SUSPNS/THRILLER,AA
RIDDICK,19030375,6,62,45,7,2013,ACTION DRAMA,AA
THE FAMILY (2013),14034764,5,57,38,5,2013,ACTION COMEDY,AA
RUSH (2013),10014920,3,52,31,3,2013,HUMN INTST DRMA,AA
BAGGAGE CLAIM,9031102,2,34,32,2,2013,ROMANTIC COMEDY,AA
DON JON,8677009,5,41,27,2,2013,ROMANTIC COMEDY,AA
BATTLE OF THE YEAR,4603177,0,32,29,1,2013,HUMN INTST DRMA,AA
GRAVITY,55785112,6,67,42,8,2013,SUSPNS/THRILLER,AA
JACKASS PRESENTS: BAD GRANDPA,32055177,7,57,42,6,2013,ZANY COMEDY,AA
CAPTAIN PHILLIPS,25718314,3,59,40,7,2013,HUMN INTST DRMA,AA
CARRIE (2013),16101552,7,65,34,5,2013,HORROR,AA
ESCAPE PLAN,9885732,2,50,37,3,2013,ACTION DRAMA,AA
THE COUNSELOR,7842930,3,54,37,4,2013,THRILLER,AA
RUNNER RUNNER,7706712,3,48,36,3,2013,SUSPNS/THRILLER,AA
MACHETE KILLS,3837183,4,45,33,4,2013,ACTION DRAMA,AA
THE FIFTH ESTATE,1673351,3,31,29,1,2013,DRAMA,BB
THE HUNGER GAMES: CATCHING FIRE,158074286,23,94,64,24,2013,ACTION,BB
THOR: THE DARK WORLD,85737841,21,76,57,17,2013,ACTION ADVENTURE,BB
FROZEN (2013),67391326,19,63,46,4,2013,FAMILY,BB
THE BEST MAN HOLIDAY,30107555,8,38,38,4,2013,COMEDY,BB
ENDER'S GAME,27017351,7,57,41,8,2013,ACTION DRAMA,BB
LAST VEGAS,16334566,5,57,33,4,2013,HUMN INTST CMDY,BB
FREE BIRDS,15805237,6,48,36,2,2013,FAMILY,BB
DELIVERY MAN,7944977,6,50,33,3,2013,HUMN INTST CMDY,BB
HOMEFRONT,6915241,1,36,32,1,2013,SUSPNS/THRILLER,BB
ABOUT TIME,4758070,5,31,25,2,2013,ROMANTIC COMEDY,BB
BLACK NATIVITY,3669530,0,31,23,1,2013,HUMN INTST DRMA,BB
ANCHORMAN 2: THE LEGEND CONTINUES,26232425,7,78,47,8,2013,ZANY COMEDY,BB
AMERICAN HUSTLE,19106933,3,51,32,3,2013,HUMN INTST DRMA,BB
THE WOLF OF WALL STREET,18361578,5,61,37,5,2013,DRAMA,BB
TYLER PERRY'S A MADEA CHRISTMAS,16007634,5,59,36,5,2013,HUMN INTST CMDY,BB
THE SECRET LIFE OF WALTER MITTY,12765508,6,59,27,2,2013,COMEDY,BB
47 RONIN (2013),9910310,2,44,32,3,2013,ACTION DRAMA,BB
SAVING MR. BANKS,9344381,4,51,34,3,2013,HUMN INTST DRMA,BB
WALKING WITH DINOSAURS 3D,7091938,5,48,30,1,2013,FAMILY,BB
GRUDGE MATCH,7021993,3,48,30,3,2013,HUMN INTST CMDY,BB
OUT OF THE FURNACE,5220288,0,33,32,1,2013,ACTION DRAMA,BB
RIDE ALONG,48626380,5,45,38,3,2014,ACTION COMEDY,BB
LONE SURVIVOR,37849910,5,43,32,3,2014,ACTION DRAMA,BB
THE NUT JOB,25700000,5,35,29,0,2014,ANIMATION,BB
PARANORMAL ACTIVITY: THE MARKED ONES,18343611,4,55,31,3,2014,SUSPNS/THRILLER,BB
JACK RYAN: SHADOW RECRUIT,18034726,2,39,33,2,2014,SUSPNS/THRILLER,BB
DEVIL'S DUE,9145358,0,23,27,0,2014,HORROR,BB
THE LEGEND OF HERCULES,8868318,3,41,32,1,2014,ACTION,BB
THAT AWKWARD MOMENT,8742109,6,46,31,2,2014,ROMANTIC COMEDY,BB
"I, FRANKENSTEIN",8610441,4,47,27,1,2014,ACTION DRAMA,BB
HER,5345477,4,32,25,1,2014,HUMN INTST CMDY,BB
LABOR DAY,5175282,2,39,24,1,2014,HUMN INTST DRMA,BB
THE LEGO MOVIE,69050279,11,68,35,5,2014,ANIMATION,BB
NON-STOP,28875635,4,39,41,3,2014,SUSPNS/THRILLER,BB
ABOUT LAST NIGHT (2014),27838201,8,44,30,2,2014,ROMANTIC COMEDY,BB
SON OF GOD,25601865,1,34,34,3,2014,HUMN INTST DRMA,BB
ROBOCOP (2014),25061581,9,77,39,8,2014,ACTION DRAMA,BB
THE MONUMENTS MEN,22003433,5,48,39,6,2014,ACTION,BB
ENDLESS LOVE (2014),14407605,8,39,27,2,2014,ROMANTIC DRAMA,BB
3 DAYS TO KILL,12242218,4,47,33,3,2014,SUSPNS/THRILLER,BB
POMPEII,10340823,5,46,28,4,2014,ACTION ADVENTURE,BB
WINTER'S TALE,8007059,3,48,29,2,2014,ROMANTIC DRAMA,BB
DIVERGENT,54607747,12,60,44,8,2014,ACTION DRAMA,BB
300: RISE OF AN EMPIRE,45038460,9,63,49,9,2014,ACTION DRAMA,BB
NOAH,43720472,10,73,41,9,2014,HUMN INTST DRMA,BB
MR. PEABODY & SHERMAN,32207057,11,59,34,4,2014,FAMILY,BB
NEED FOR SPEED,17844939,7,68,40,5,2014,ACTION DRAMA,BB
MUPPETS MOST WANTED,17005126,12,77,36,5,2014,FAMILY,BB
GOD'S NOT DEAD,9244641,2,26,30,2,2014,HUMN INTST DRMA,BB
TYLER PERRY'S THE SINGLE MOMS CLUB,8075111,2,41,32,4,2014,HUMN INTST CMDY,BB
SABOTAGE,5272444,0,43,33,2,2014,ACTION DRAMA,BB
CESAR CHAVEZ,2861528,2,25,25,1,2014,HUMN INTST DRMA,BB
CAPTAIN AMERICA: THE WINTER SOLDIER,95023721,21,85,57,18,2014,ACTION ADVENTURE,BB
RIO 2,39327869,15,75,37,3,2014,FAMILY,BB
THE OTHER WOMAN (2014),24763752,5,58,29,4,2014,COMEDY,BB
HEAVEN IS FOR REAL,22522221,3,44,33,3,2014,HUMN INTST DRMA,BB
OCULUS,12005402,4,28,27,2,2014,HORROR,BB
TRANSCENDENCE,10886386,3,59,37,5,2014,SUSPNS/THRILLER,BB
DRAFT DAY,9783603,0,47,33,5,2014,HUMN INTST DRMA,BB
BRICK MANSIONS,9516855,0,31,32,2,2014,ACTION DRAMA,BB
A HAUNTED HOUSE 2,8843875,4,46,36,4,2014,HORROR,BB
BEARS,4776267,2,34,29,1,2014,DOCUMENTARY,BB
THE QUIET ONES,3880053,3,34,22,1,2014,HORROR,BB
X-MEN: DAYS OF FUTURE PAST,110576604,22,90,63,16,2014,ACTION DRAMA,BB
GODZILLA (2014),93188384,19,82,45,11,2014,ACTION DRAMA,BB
THE AMAZING SPIDER-MAN 2,91608337,22,97,54,13,2014,ACTION,BB
MALEFICENT,69431298,16,78,46,8,2014,FAMILY,BB
NEIGHBORS (2014),49033915,9,64,40,6,2014,HUMN INTST CMDY,BB
BLENDED,17735205,5,51,29,3,2014,ROMANTIC COMEDY,BB
A MILLION WAYS TO DIE IN THE WEST,16797385,5,59,37,4,2014,COMEDY,BB
MILLION DOLLAR ARM,10515659,3,47,23,3,2014,HUMN INTST DRMA,BB
MOMS' NIGHT OUT,4311083,1,38,25,1,2014,HUMN INTST CMDY,BB
LEGENDS OF OZ,3715931,2,52,32,2,2014,FAMILY,BB
TRANSFORMERS: AGE OF EXTINCTION,100038390,20,90,53,13,2014,ACTION ADVENTURE,BB
22 JUMP STREET,57071445,15,86,46,8,2014,ACTION COMEDY,BB
HOW TO TRAIN YOUR DRAGON 2,49451322,13,87,38,6,2014,FAMILY,BB
THE FAULT IN OUR STARS,48002523,9,51,41,6,2014,DRAMA,BB
THINK LIKE A MAN TOO,29241911,9,54,34,3,2014,ROMANTIC COMEDY,BB
EDGE OF TOMORROW,28760246,5,59,33,4,2014,ACTION DRAMA,BB
JERSEY BOYS,13319371,3,54,26,4,2014,HUMN INTST DRMA,BB
DAWN OF THE PLANET OF THE APES,72611427,15,86,48,10,2014,ACTION DRAMA,BB
LUCY (2014),43899340,10,59,40,6,2014,ACTION DRAMA,BB
THE PURGE: ANARCHY,29816675,8,66,38,4,2014,THRILLER,BB
HERCULES (2014),29800263,9,76,38,4,2014,ACTION ADVENTURE,BB
TAMMY,21577049,6,47,41,4,2014,HUMN INTST CMDY,BB
PLANES: FIRE & RESCUE,17509407,9,59,28,3,2014,FAMILY,BB
SEX TAPE,14608152,6,60,35,5,2014,HUMN INTST CMDY,BB
DELIVER US FROM EVIL (2014),9740471,2,52,30,2,2014,SUSPNS/THRILLER,BB
EARTH TO ECHO,8364658,4,45,30,2,2014,FAMILY,BB
AND SO IT GOES,4642329,1,30,25,2,2014,HUMN INTST CMDY,BB
GUARDIANS OF THE GALAXY,94320883,19,74,48,10,2014,ACTION ADVENTURE,BB
TEENAGE MUTANT NINJA TURTLES (2014),65575105,20,90,37,5,2014,FAMILY,BB
LET'S BE COPS,17813722,8,56,44,3,2014,ZANY COMEDY,BB
INTO THE STORM,17346427,4,49,37,4,2014,SUSPNS/THRILLER,BB
THE EXPENDABLES 3,15879645,8,78,40,7,2014,ACTION,CC
IF I STAY,15679190,7,45,33,3,2014,HUMN INTST DRMA,CC
GET ON UP,13585915,1,46,31,5,2014,HUMN INTST DRMA,CC
THE GIVER,12305016,3,53,38,4,2014,DRAMA,CC
THE HUNDRED-FOOT JOURNEY,10979290,1,35,28,2,2014,DRAMA,CC
"AS ABOVE, SO BELOW",10284110,3,28,26,1,2014,HORROR,CC
THE NOVEMBER MAN,10105877,4,38,29,1,2014,ACTION,CC
WHEN THE GAME STANDS TALL,8381509,0,31,30,1,2014,HUMN INTST DRMA,CC
STEP UP ALL IN,6469857,2,51,23,2,2014,HUMN INTST DRMA,CC
SIN CITY: A DAME TO KILL FOR,6317683,5,58,38,3,2014,ACTION DRAMA,CC
BOYHOOD,1992448,4,29,32,2,2014,HUMN INTST DRMA,CC
MAGIC IN THE MOONLIGHT,1786150,1,26,26,1,2014,HUMN INTST CMDY,CC
THE EQUALIZER,34137828,8,64,47,13,2014,THRILLER,CC
THE MAZE RUNNER,32512804,11,65,48,14,2014,THRILLER,CC
NO GOOD DEED (2014),24250283,4,46,36,5,2014,SUSPNS/THRILLER,CC
THE BOXTROLLS,17275239,8,58,37,5,2014,ANIMATION,CC
DOLPHIN TALE 2,15873397,9,65,33,4,2014,FAMILY,CC
A WALK AMONG THE TOMBSTONES,12758780,4,50,42,6,2014,DRAMA,CC
THIS IS WHERE I LEAVE YOU,11558149,5,50,35,6,2014,HUMN INTST CMDY,CC
THE IDENTICAL,1587137,0,29,28,2,2014,DRAMA,CC
GONE GIRL,37513109,9,60,37,7,2014,SUSPNS/THRILLER,CC
ANNABELLE,37134255,7,42,36,4,2014,HORROR,CC
FURY,23702421,7,60,39,4,2014,ACTION DRAMA,CC
DRACULA UNTOLD,23514615,7,55,43,5,2014,ACTION DRAMA,CC
OUIJA (2014),19875995,7,52,38,2,2014,HORROR,CC
"ALEXANDER AND THE TERRIBLE, HORRIBLE, NO GOOD, VERY BAD DAY",18360230,6,67,34,3,2014,FAMILY,CC
JOHN WICK,14415922,1,39,37,2,2014,ACTION DRAMA,CC
THE JUDGE,13116226,4,59,35,4,2014,DRAMA,CC
NIGHTCRAWLER,10441000,4,46,34,2,2014,SUSPNS/THRILLER,CC
THE BEST OF ME,10003827,5,42,29,2,2014,ROMANCE,CC
ADDICTED (2014),7485346,2,36,34,4,2014,HUMN INTST DRMA,CC
LEFT BEHIND,6300147,0,54,34,5,2014,HUMN INTST DRMA,CC
BEFORE I GO TO SLEEP,1843347,1,37,28,1,2014,SUSPNS/THRILLER,CC
THE HUNGER GAMES: MOCKINGJAY PART 1,121897634,22,95,69,23,2014,ACTION ADVENTURE,CC
BIG HERO 6,56215889,13,59,52,6,2014,FAMILY,CC
INTERSTELLAR,47510360,8,60,47,8,2014,ACTION DRAMA,CC
DUMB AND DUMBER TO,36111775,13,89,43,9,2014,ZANY COMEDY,CC
PENGUINS OF MADAGASCAR,25447444,8,84,38,4,2014,FAMILY,CC
HORRIBLE BOSSES 2,15457418,9,77,42,7,2014,HUMN INTST CMDY,CC
BEYOND THE LIGHTS,6200284,2,32,30,2,2014,HUMN INTST DRMA,CC
INTO THE WOODS,31051923,11,68,42,5,2014,HUMN INTST DRMA,CC
UNBROKEN,30621445,6,50,33,3,2014,HUMN INTST DRMA,CC
EXODUS: GODS AND KINGS,24115934,7,62,40,8,2014,ACTION DRAMA,CC
NIGHT AT THE MUSEUM: SECRET OF THE TOMB,17100520,11,88,46,6,2014,FAMILY,CC
ANNIE (2014),15861939,12,79,30,5,2014,FAMILY,CC
THE GAMBLER (II),9127022,4,52,31,4,2014,DRAMA,CC
TOP FIVE,6894814,4,40,38,4,2014,HUMN INTST CMDY,CC
THE INTERVIEW (2014),1794666,6,66,44,5,2014,COMEDY,CC
A WALK IN THE WOODS,10908832,2,41,29,2,2015,COMEDY,CC
ALOHA,9670235,8,43,31,3,2015,ROMANTIC COMEDY,CC
ALVIN AND THE CHIPMUNKS: THE ROAD CHIP,14287159,9,71,34,3,2015,FAMILY,CC
AMERICAN SNIPER,107211457,13,69,50,8,2015,ACTION DRAMA,CC
AMERICAN ULTRA,5454284,1,32,30,1,2015,ACTION COMEDY,CC
ANT-MAN,57225526,17,79,43,8,2015,ACTION ADVENTURE,CC
AVENGERS: AGE OF ULTRON,191271109,25,87,69,29,2015,ACTION ADVENTURE,CC
BLACK MASS,22635037,6,50,44,7,2015,SUSPNS/THRILLER,CC
BLACK OR WHITE,6213362,3,42,30,1,2015,HUMN INTST DRMA,CC
BLACKHAT,4491010,3,30,31,2,2015,SUSPNS/THRILLER,CC
BRIDGE OF SPIES,15371203,4,48,41,2,2015,HUMN INTST DRMA,CC
BURNT,5002521,4,43,29,1,2015,HUMN INTST DRMA,CC
CAPTIVE (2015),1393243,1,33,33,1,2015,SUSPNS/THRILLER,CC
CHAPPIE,13346782,3,50,35,4,2015,ACTION DRAMA,CC
CINDERELLA (2015),67877361,19,82,43,9,2015,FAMILY,CC
CONCUSSION (2015),10513749,6,61,36,2,2015,HUMN INTST DRMA,CC
CREED,29632823,11,63,37,6,2015,HUMN INTST DRMA,CC
CRIMSON PEAK,13143310,5,41,33,3,2015,HORROR,CC
DADDY'S HOME (2015),38740203,11,61,43,3,2015,HUMN INTST CMDY,CC
DISNEY'S TOMORROWLAND,42679200,14,66,36,5,2015,FAMILY,CC
DO YOU BELIEVE?,3591282,0,28,26,1,2015,HUMN INTST DRMA,CC
DOPE,6100010,4,30,31,1,2015,HUMN INTST CMDY,CC
ENTOURAGE,10283250,5,55,24,2,2015,HUMN INTST CMDY,CC
EVEREST (2015),13242895,7,60,33,5,2015,ACTION DRAMA,CC
FANTASTIC FOUR (2015),25685737,17,91,45,5,2015,ACTION ADVENTURE,CC
FIFTY SHADES OF GREY,93010350,11,93,29,7,2015,ROMANTIC DRAMA,CC
FOCUS (2015),18685137,6,58,40,5,2015,HUMN INTST CMDY,CC
FURIOUS 7,147187040,18,95,58,22,2015,ACTION ADVENTURE,CC
GET HARD,33803253,12,64,47,7,2015,HUMN INTST CMDY,CC
GOOSEBUMPS,23618556,11,70,39,3,2015,FAMILY,CC
HITMAN: AGENT 47,8326530,3,53,39,3,2015,ACTION DRAMA,CC
HOME (2015),52107731,15,52,46,4,2015,FAMILY,CC
HOT PURSUIT (2015),13942258,6,62,34,5,2015,ACTION COMEDY,CC
HOT TUB TIME MACHINE 2,5963324,6,70,35,5,2015,ZANY COMEDY,CC
HOTEL TRANSYLVANIA 2,48464322,16,81,46,9,2015,FAMILY,CC
IN THE HEART OF THE SEA,11053366,5,54,34,4,2015,ACTION DRAMA,CC
INSIDE OUT (2015),90440272,21,65,48,5,2015,FAMILY,CC
INSIDIOUS: CHAPTER 3,22692741,12,69,38,6,2015,HORROR,CC
JEM AND THE HOLOGRAMS,1375320,2,40,20,1,2015,HUMN INTST DRMA,CC
JOY,17015168,8,57,33,4,2015,HUMN INTST DRMA,CC
JUPITER ASCENDING,18372372,7,58,39,7,2015,ACTION DRAMA,CC
JURASSIC WORLD,208806270,24,93,61,17,2015,ACTION ADVENTURE,CC
KINGSMAN: THE SECRET SERVICE,41761512,4,59,43,6,2015,ACTION ADVENTURE,CC
KRAMPUS,16293325,11,48,37,4,2015,HORROR,CC
LOVE THE COOPERS,8317545,1,40,30,2,2015,HUMN INTST CMDY,CC
MAD MAX: FURY ROAD,45428128,12,67,39,7,2015,ACTION ADVENTURE,CC
MAGIC MIKE XXL,12857184,5,71,26,4,2015,HUMN INTST DRMA,CC
MAX (2015),12155254,8,39,32,1,2015,FAMILY,CC
"MCFARLAND, USA",11020798,3,38,31,2,2015,HUMN INTST DRMA,CC
MINIONS,115718405,23,91,53,6,2015,FAMILY,CC
MISSION: IMPOSSIBLE - ROGUE NATION,55520089,10,77,44,5,2015,ACTION DRAMA,CC
MONKEY KINGDOM,4577861,1,39,32,2,2015,DOCUMENTARY,CC
MORTDECAI,4200586,4,47,29,1,2015,ZANY COMEDY,CC
MY ALL AMERICAN,1365000,0,27,31,1,2015,HUMN INTST DRMA,CC
NO ESCAPE (2015),8111264,1,40,30,2,2015,SUSPNS/THRILLER,CC
OUR BRAND IS CRISIS (2015),3238433,4,37,31,1,2015,HUMN INTST CMDY,CC
PADDINGTON,25494139,7,48,25,1,2015,FAMILY,CC
PAN,15315435,14,68,40,3,2015,FAMILY,CC
PAPER TOWNS,12650140,8,46,39,3,2015,ROMANTIC DRAMA,CC
PARANORMAL ACTIVITY: THE GHOST DIMENSION,8070493,4,67,37,6,2015,HORROR,CC
PAUL BLART: MALL COP 2,23762435,9,84,41,6,2015,ZANY COMEDY,CC
PITCH PERFECT 2,69216890,17,80,45,9,2015,HUMN INTST CMDY,CC
PIXELS,24011616,10,72,40,3,2015,ACTION COMEDY,CC
POINT BREAK (2015),9800252,7,58,32,2,2015,ACTION DRAMA,CC
POLTERGEIST (2015),26341432,6,67,37,5,2015,HORROR,CC
PROJECT ALMANAC,8310252,0,29,36,2,2015,SUSPNS/THRILLER,CC
RICKI AND THE FLASH,6610961,2,35,23,2,2015,HUMN INTST DRMA,CC
ROCK THE KASBAH,1470592,1,36,27,2,2015,HUMN INTST CMDY,CC
RUN ALL NIGHT,11012305,4,47,40,5,2015,SUSPNS/THRILLER,CC
SAN ANDREAS,54588173,12,64,42,8,2015,ACTION ADVENTURE,CC
SCOUTS GUIDE TO THE ZOMBIE APOCALYPSE,1841007,4,39,37,2,2015,ZANY COMEDY,CC
SECRET IN THEIR EYES,6652996,2,40,34,2,2015,SUSPNS/THRILLER,CC
SELF/LESS,5403460,3,44,28,2,2015,SUSPNS/THRILLER,CC
SELMA,11307394,5,41,32,3,2015,HUMN INTST DRMA,CC
SEVENTH SON,7217640,2,41,29,1,2015,ACTION ADVENTURE,CC
SHAUN THE SHEEP MOVIE,4038962,2,41,23,1,2015,FAMILY,CC
SICARIO,12148041,3,35,39,1,2015,ACTION DRAMA,CC
SINISTER 2,10542116,6,51,35,3,2015,HORROR,CC
SISTERS (2015),13922855,8,60,37,3,2015,HUMN INTST CMDY,CC
SOUTHPAW,16701294,3,44,28,2,2015,HUMN INTST DRMA,CC
SPECTRE,70403148,16,61,52,10,2015,ACTION ADVENTURE,CC
SPY,29085719,12,62,37,3,2015,ACTION COMEDY,CC
STAR WARS: THE FORCE AWAKENS,247966675,36,92,65,22,2015,ACTION ADVENTURE,CC
STEVE JOBS,7105735,5,82,29,6,2015,HUMN INTST DRMA,CC
STRAIGHT OUTTA COMPTON,60200180,8,55,38,6,2015,HUMN INTST DRMA,CC
STRANGE MAGIC,5504441,2,35,40,1,2015,FAMILY,CC
TAKEN 3,39201657,10,78,50,8,2015,SUSPNS/THRILLER,CC
TED 2,33507870,17,90,44,5,2015,ZANY COMEDY,CC
TERMINATOR: GENISYS,27018486,13,74,46,6,2015,ACTION DRAMA,CC
THE 33,5787266,0,37,35,2,2015,DRAMA,CC
THE AGE OF ADALINE,13203458,6,47,34,5,2015,DRAMA,CC
THE BIG SHORT,10531026,3,46,32,2,2015,DRAMA,CC
THE BOY NEXT DOOR,14910105,4,47,35,3,2015,THRILLER,CC
THE DIVERGENT SERIES: INSURGENT,52263680,14,78,55,11,2015,ACTION ADVENTURE,CC
THE DUFF,10809149,5,35,30,2,2015,COMEDY,CC
THE GALLOWS,9808463,3,28,21,1,2015,HORROR,CC
THE GIFT (2015),11854273,1,40,28,1,2015,THRILLER,CC
THE GOOD DINOSAUR,39155217,16,70,45,5,2015,ANIMATION,CC
THE GREEN INFERNO,3520626,3,32,33,1,2015,HORROR,CC
THE GUNMAN,5028702,3,43,39,2,2015,THRILLER,CC
THE HUNGER GAMES: MOCKINGJAY PART 2,102665981,24,94,66,19,2015,ACTION ADVENTURE,CC
THE INTERN,17728313,8,75,33,8,2015,COMEDY,CC
THE LAST WITCH HUNTER,10812861,5,56,37,4,2015,ACTION,CC
THE LAZARUS EFFECT,10203437,4,46,29,2,2015,HORROR,CC
THE LOFT,2747342,2,28,22,0,2015,THRILLER,CC
THE LONGEST RIDE,13019686,5,51,35,3,2015,ROMANCE,CC
THE MAN FROM U.N.C.L.E.,13421036,3,50,32,3,2015,ACTION,CC
THE MAZE RUNNER: SCORCH TRIALS,30316510,12,77,54,13,2015,ACTION ADVENTURE,CC
THE NIGHT BEFORE (2015),9880536,4,46,39,3,2015,COMEDY,CC
THE PEANUTS MOVIE,44213073,20,77,44,6,2015,ANIMATION,CC
THE PERFECT GUY,25888154,4,49,37,4,2015,THRILLER,CC
THE SECOND BEST EXOTIC MARIGOLD HOTEL,8540370,2,35,31,4,2015,COMEDY,CC
THE SPONGEBOB MOVIE: SPONGE OUT OF WATER,55365012,12,76,35,6,2015,ANIMATION,CC
THE TRANSPORTER REFUELED,9005474,1,49,44,2,2015,ACTION,CC
THE VISIT (2015-I),25427560,4,53,38,5,2015,HORROR,CC
THE WALK,3719177,2,47,28,1,2015,ACTION,CC
THE WEDDING RINGER,24042152,6,60,41,4,2015,COMEDY,CC
THE WOMAN IN BLACK: ANGEL OF DEATH,15027415,6,49,33,4,2015,HORROR,CC
TRAINWRECK,30097040,9,45,28,2,2015,ROMANTIC COMEDY,CC
UNFINISHED BUSINESS,4772613,4,49,34,2,2015,HUMN INTST CMDY,DD
UNFRIENDED,15845115,7,48,31,3,2015,HORROR,DD
VACATION (2015),14681108,8,59,38,5,2015,HUMN INTST CMDY,DD
VICTOR FRANKENSTEIN,2469341,3,48,35,4,2015,SUSPNS/THRILLER,DD
WAR ROOM,11351389,1,26,25,1,2015,HUMN INTST DRMA,DD
WE ARE YOUR FRIENDS,1767308,0,39,31,2,2015,HUMN INTST DRMA,DD
WOODLAWN,4002226,0,20,32,0,2015,HUMN INTST DRMA,DD
10 CLOVERFIELD LANE,24702752,7,49,38,3,2016,SUSPNS/THRILLER,DD
13 HOURS: THE SECRET SOLDIERS OF BENGHAZI,19224408,3,38,32,2,2016,ACTION DRAMA,DD
ALICE THROUGH THE LOOKING GLASS,33507621,16,87,46,10,2016,FAMILY,DD
ALLIED,12701743,4,51,31,2,2016,HUMN INTST DRMA,DD
ALMOST CHRISTMAS,15134235,5,49,42,2,2016,HUMN INTST CMDY,DD
ARRIVAL,24074047,5,47,39,1,2016,ACTION DRAMA,DD
ASSASSIN'S CREED,14800946,9,79,48,8,2016,ACTION DRAMA,DD
BAD MOMS,23817340,10,72,38,4,2016,HUMN INTST CMDY,DD
BAD SANTA 2,6176680,11,80,40,7,2016,HUMN INTST CMDY,DD
BARBERSHOP: THE NEXT CUT,20242415,7,62,37,5,2016,HUMN INTST CMDY,DD
BATMAN V SUPERMAN: DAWN OF JUSTICE,166007347,25,91,63,21,2016,ACTION ADVENTURE,DD
BEN-HUR (2016),11203815,3,43,28,2,2016,ACTION DRAMA,DD
BLAIR WITCH,9576057,5,65,34,4,2016,HORROR,DD
BLEED FOR THIS,2366810,0,26,31,0,2016,HUMN INTST DRMA,DD
BRIDGET JONES'S BABY,8571785,8,64,27,4,2016,ROMANTIC COMEDY,DD
CAPTAIN AMERICA: CIVIL WAR,179139142,32,89,69,25,2016,ACTION ADVENTURE,DD
CENTRAL INTELLIGENCE,35535250,10,61,43,5,2016,ACTION COMEDY,DD
COLLATERAL BEAUTY,7102085,4,56,36,4,2016,HUMN INTST DRMA,DD
CRIMINAL (2016),5767278,2,39,36,3,2016,ACTION DRAMA,DD
DEADPOOL,152193853,19,75,52,12,2016,ACTION ADVENTURE,DD
DEEPWATER HORIZON,20223544,3,59,37,3,2016,ACTION DRAMA,DD
DIRTY GRANDPA,11111875,5,62,37,2,2016,HUMN INTST CMDY,DD
DOCTOR STRANGE,85058311,21,74,58,13,2016,ACTION ADVENTURE,DD
DON'T BREATHE,26411706,5,33,37,3,2016,HORROR,DD
EDDIE THE EAGLE,6084682,4,35,25,1,2016,HUMN INTST CMDY,DD
FANTASTIC BEASTS AND WHERE TO FIND THEM,74403387,18,75,59,13,2016,ACTION ADVENTURE,DD
FENCES,11600170,5,47,38,3,2016,HUMN INTST DRMA,DD
FIFTY SHADES OF BLACK,5900528,5,52,34,2,2016,ZANY COMEDY,DD
FINDING DORY,135060273,31,88,64,10,2016,FAMILY,DD
FLORENCE FOSTER JENKINS,6601313,0,28,28,1,2016,HUMN INTST DRMA,DD
FREE STATE OF JONES,7572206,2,39,30,3,2016,HUMN INTST DRMA,DD
GHOSTBUSTERS (2016),46018755,19,91,44,5,2016,ZANY COMEDY,DD
GOD'S NOT DEAD 2,7623662,3,46,38,2,2016,HUMN INTST DRMA,DD
GODS OF EGYPT,14123903,5,53,30,5,2016,ACTION ADVENTURE,DD
HACKSAW RIDGE,15190758,3,36,35,1,2016,ACTION DRAMA,DD
"HAIL, CAESAR!",11355225,4,45,36,4,2016,HUMN INTST CMDY,DD
HANDS OF STONE,1751388,0,35,32,3,2016,HUMN INTST DRMA,DD
HARDCORE HENRY,5107604,2,35,28,1,2016,ACTION DRAMA,DD
HILLARY'S AMERICA: THE SECRET HISTORY OF THE DEMOCRATIC PARTY,3964646,0,20,35,2,2016,DOCUMENTARY,DD
HILLSONG - LET HOPE RISE,1357243,0,25,29,1,2016,DOCUMENTARY,DD
HOW TO BE SINGLE,19904293,7,54,31,3,2016,ROMANTIC COMEDY,DD
ICE AGE: COLLISION COURSE,21373064,9,86,45,2,2016,FAMILY,DD
INCARNATE,2534884,0,31,35,1,2016,HORROR,DD
INDEPENDENCE DAY: RESURGENCE,41039944,16,84,48,10,2016,ACTION ADVENTURE,DD
JASON BOURNE,59215365,12,78,48,9,2016,ACTION DRAMA,DD
KEANU,9453224,5,47,30,3,2016,ZANY COMEDY,DD
KUBO AND THE TWO STRINGS,12608372,6,39,36,1,2016,FAMILY,DD
KUNG FU PANDA 3,41282042,16,86,38,6,2016,FAMILY,DD
LIGHTS OUT,21688103,4,31,36,1,2016,HORROR,DD
LONDON HAS FALLEN,21635601,6,63,43,5,2016,ACTION DRAMA,DD
MASTERMINDS (2016),6541205,5,65,37,3,2016,ZANY COMEDY,DD
ME BEFORE YOU,18723269,6,42,38,3,2016,ROMANTIC DRAMA,DD
MECHANIC: RESURRECTION,7456525,3,42,38,1,2016,ACTION DRAMA,DD
MEET THE BLACKS,4055940,1,38,34,2,2016,ZANY COMEDY,DD
MIKE & DAVE NEED WEDDING DATES,16628170,2,50,35,2,2016,ZANY COMEDY,DD
MIRACLES FROM HEAVEN,14812393,3,47,35,3,2016,HUMN INTST DRMA,DD
MISS PEREGRINE'S HOME FOR PECULIAR CHILDREN,28871140,9,74,49,12,2016,ACTION ADVENTURE,DD
MISS SLOANE,1844972,1,31,29,1,2016,SUSPNS/THRILLER,DD
MOANA,56631401,22,71,50,5,2016,FAMILY,DD
MONEY MONSTER,14788157,4,52,37,5,2016,SUSPNS/THRILLER,DD
MORGAN,2518540,0,27,31,1,2016,SUSPNS/THRILLER,DD
MOTHER'S DAY (2016),8369184,4,49,37,5,2016,HUMN INTST CMDY,DD
MY BIG FAT GREEK WEDDING 2,17861950,8,70,25,5,2016,ROMANTIC COMEDY,DD
NEIGHBORS 2: SORORITY RISING,21760405,9,73,40,6,2016,HUMN INTST CMDY,DD
NERVE,9445456,3,36,37,2,2016,SUSPNS/THRILLER,DD
NINE LIVES (2016),6249915,5,51,28,2,2016,FAMILY,DD
NORM OF THE NORTH,9375822,1,27,35,1,2016,FAMILY,DD
NOW YOU SEE ME 2,22383146,6,68,42,4,2016,ACTION ADVENTURE,DD
OFFICE CHRISTMAS PARTY,16890204,8,70,45,6,2016,ZANY COMEDY,DD
PASSENGERS (2016),22390906,11,67,40,3,2016,ACTION DRAMA,DD
PETE'S DRAGON (2016),21514095,10,71,32,2,2016,FAMILY,DD
POPSTAR: NEVER STOP NEVER STOPPING,4698715,1,35,31,1,2016,ZANY COMEDY,DD
PRIDE AND PREJUDICE AND ZOMBIES,5324240,3,54,26,3,2016,ACTION COMEDY,DD
QUEEN OF KATWE,2495427,0,38,32,2,2016,HUMN INTST DRMA,DD
RACE (2016),7353922,2,35,34,2,2016,HUMN INTST DRMA,DD
RATCHET & CLANK,4869278,2,45,40,3,2016,FAMILY,DD
RIDE ALONG 2,41006705,8,71,40,5,2016,ACTION COMEDY,DD
RISEN (2016),11801271,3,35,30,1,2016,HUMN INTST DRMA,DD
ROGUE ONE: A STAR WARS STORY,155081681,23,80,62,11,2016,ACTION ADVENTURE,DD
RULES DON'T APPLY,1589625,1,33,29,2,2016,ROMANTIC DRAMA,DD
SAUSAGE PARTY,34263534,9,56,42,4,2016,ZANY COMEDY,DD
SHUT IN,3613567,3,41,35,1,2016,SUSPNS/THRILLER,DD
SING (2016),54931630,16,65,45,3,2016,FAMILY,DD
SNOWDEN,8000058,2,60,34,5,2016,HUMN INTST DRMA,DD
STAR TREK BEYOND,59253211,13,75,47,8,2016,ACTION ADVENTURE,DD
STORKS,21311407,9,68,43,6,2016,FAMILY,DD
SUICIDE SQUAD,133682248,24,80,57,13,2016,ACTION ADVENTURE,DD
SULLY,35028301,6,64,39,6,2016,HUMN INTST DRMA,DD
SWISS ARMY MAN,1673746,1,30,31,1,2016,HUMN INTST CMDY,DD
TEENAGE MUTANT NINJA TURTLES: OUT OF THE SHADOWS,35316382,13,85,39,3,2016,FAMILY,DD
THE 5TH WAVE,10326356,5,42,33,2,2016,ACTION,EE
THE ANGRY BIRDS MOVIE,38155177,15,82,31,4,2016,ANIMATION,EE
THE BOY (2016),10778392,4,36,32,1,2016,HORROR,EE
THE BROTHERS GRIMSBY,3258327,1,45,23,1,2016,COMEDY,EE
THE CHOICE (2016),6050443,3,31,29,2,2016,ROMANCE,EE
THE CONJURING 2,40406314,13,69,43,7,2016,HORROR,EE
THE DARKNESS (2016),4950859,0,40,35,3,2016,HORROR,EE
THE DISAPPOINTMENTS ROOM,1402823,1,25,30,1,2016,HORROR,EE
THE DIVERGENT SERIES: ALLEGIANT,29027348,8,82,47,8,2016,ACTION ADVENTURE,EE
THE EDGE OF SEVENTEEN,4754215,4,49,30,2,2016,COMEDY,EE
THE FINEST HOURS,10288932,1,41,30,2,2016,THRILLER,EE
THE FOREST (2016-I),12741176,5,40,34,1,2016,HORROR,EE
THE HUNTSMAN: WINTER'S WAR,19445035,4,72,40,6,2016,ACTION ADVENTURE,EE
THE INFILTRATOR,5303775,0,30,33,2,2016,DRAMA,EE
THE LEGEND OF TARZAN,46582405,13,83,41,6,2016,ACTION ADVENTURE,EE
THE LIGHT BETWEEN OCEANS,6179208,0,37,30,1,2016,DRAMA,EE
THE NICE GUYS,11203270,5,53,31,2,2016,COMEDY,EE
THE PERFECT MATCH,4294232,5,40,31,2,2016,COMEDY,EE
THE PURGE: ELECTION YEAR,36139295,9,72,42,4,2016,THRILLER,EE
THE REVENANT (2015),39826840,11,53,40,4,2016,ACTION ADVENTURE,EE
THE SECRET LIFE OF PETS,104352905,22,80,51,6,2016,ANIMATION,EE
THE WILD LIFE (2016),3342697,2,45,41,2,2016,ANIMATION,EE
THE WITCH,8800230,3,39,34,1,2016,HORROR,EE
THE YOUNG MESSIAH,3294876,0,31,33,1,2016,DRAMA,EE
TRIPLE 9,6109085,0,30,29,2,2016,ACTION DRAMA,EE
TROLLS,46581142,24,79,42,5,2016,FAMILY,EE
WAR DOGS (2016),14685305,5,50,34,2,2016,HUMN INTST CMDY,EE
WARCRAFT,24166110,9,62,38,3,2016,ACTION ADVENTURE,EE
WHEN THE BOUGH BREAKS,14202323,4,39,34,1,2016,SUSPNS/THRILLER,EE
WHISKEY TANGO FOXTROT,7443007,1,51,34,2,2016,HUMN INTST CMDY,EE
WHY HIM?,15536420,6,50,37,3,2016,HUMN INTST CMDY,EE
X-MEN: APOCALYPSE,79810133,22,90,61,10,2016,ACTION ADVENTURE,EE
ZOOLANDER 2,15881410,11,85,37,4,2016,ZANY COMEDY,EE
ZOOTOPIA,75063401,19,70,43,4,2016,FAMILY,EE
47 METERS DOWN,11205562,3,38,35,3,2017,SUSPNS/THRILLER,EE
A CURE FOR WELLNESS,5004463,3,35,33,1,2017,HORROR,EE
A DOG'S PURPOSE,18222810,8,60,50,5,2017,COMEDY,EE
ALIEN: COVENANT,36160621,15,73,45,9,2017,HORROR,EE
ALL EYEZ ON ME,26435354,4,39,38,3,2017,HUMN INTST DRMA,EE
ANNABELLE: CREATION,35006404,6,53,39,5,2017,HORROR,EE
ATOMIC BLONDE,18286420,8,59,35,3,2017,SUSPNS/THRILLER,EE
BABY DRIVER,20553320,5,47,36,3,2017,ACTION DRAMA,EE
BAYWATCH,23106943,17,86,29,5,2017,ACTION COMEDY,EE
BEAUTY AND THE BEAST (2017),174750616,31,95,60,18,2017,FAMILY,EE
BEFORE I FALL,4690214,2,36,25,1,2017,HUMN INTST DRMA,EE
BORN IN CHINA,4790367,1,35,33,1,2017,DOCUMENTARY,EE
CAPTAIN UNDERPANTS: THE FIRST EPIC MOVIE,23851539,6,66,32,3,2017,FAMILY,EE
CARS 3,53688680,22,87,41,7,2017,FAMILY,EE
CHIPS (2017),7722802,5,58,27,4,2017,ACTION COMEDY,EE
COLLIDE,1512824,0,31,25,1,2017,ACTION DRAMA,EE
DESPICABLE ME 3,72434025,22,93,49,9,2017,FAMILY,EE
DETROIT (2017),7125601,3,44,33,1,2017,HUMN INTST DRMA,EE
DIARY OF A WIMPY KID: THE LONG HAUL,7126084,3,69,25,2,2017,FAMILY,EE
DUNKIRK,50513488,10,49,39,7,2017,ACTION DRAMA,EE
"EVERYTHING, EVERYTHING",11727390,3,29,30,2,2017,ROMANTIC DRAMA,EE
FIFTY SHADES DARKER,46607250,13,81,29,4,2017,ROMANTIC DRAMA,EE
FIST FIGHT,14121149,6,53,38,3,2017,HUMN INTST CMDY,EE
GET OUT,33377060,7,43,36,3,2017,HORROR,EE
GHOST IN THE SHELL (2017),18676033,9,60,39,4,2017,ACTION DRAMA,EE
GIRLS TRIP,31201920,6,59,34,5,2017,HUMN INTST CMDY,EE
GOING IN STYLE (2017),11932330,5,42,31,3,2017,HUMN INTST CMDY,EE
GOLD (2017),3471316,0,35,32,1,2017,HUMN INTST DRMA,EE
GUARDIANS OF THE GALAXY VOL. 2,146510104,23,88,63,28,2017,ACTION ADVENTURE,EE
HIDDEN FIGURES,22800057,6,48,42,4,2017,HUMN INTST DRMA,EE
HOW TO BE A LATIN LOVER,12252439,2,32,32,1,2017,HUMN INTST CMDY,EE
IT COMES AT NIGHT,5988370,2,35,37,2,2017,HORROR,EE
JOHN WICK: CHAPTER 2,30436123,7,58,46,5,2017,ACTION DRAMA,EE
KIDNAP (2017-I),10016323,1,43,36,3,2017,SUSPNS/THRILLER,EE
KING ARTHUR: LEGEND OF THE SWORD,15371270,6,69,42,7,2017,ACTION ADVENTURE,EE
KONG: SKULL ISLAND,61025472,12,74,47,9,2017,ACTION ADVENTURE,EE
LIFE (2017),12501936,6,47,37,2,2017,SUSPNS/THRILLER,EE
LIVE BY NIGHT,6003052,3,41,33,1,2017,SUSPNS/THRILLER,EE
LOGAN,88411916,24,72,62,11,2017,ACTION DRAMA,EE
LOGAN LUCKY,7600036,3,36,30,1,2017,ACTION COMEDY,EE
LOWRIDERS,2403885,0,27,31,1,2017,HUMN INTST DRMA,EE
MEGAN LEAVEY,3810867,0,18,32,1,2017,HUMN INTST DRMA,EE
MONSTER TRUCKS,14174039,7,53,35,0,2017,FAMILY,EE
PATRIOTS DAY,13753384,4,63,40,4,2017,HUMN INTST DRMA,EE
PHOENIX FORGOTTEN,1816499,0,21,32,1,2017,HORROR,EE
PIRATES OF THE CARIBBEAN: DEAD MEN TELL NO TALES,78476767,16,92,56,14,2017,ACTION ADVENTURE,EE
POWER RANGERS,40300288,19,80,34,4,2017,FAMILY,EE
RESIDENT EVIL: THE FINAL CHAPTER,13601682,8,76,44,5,2017,ACTION DRAMA,EE
RINGS,13002632,7,46,33,3,2017,HORROR,EE
ROCK DOG,3704749,5,39,40,2,2017,FAMILY,EE
ROUGH NIGHT,8004283,5,47,34,2,2017,HUMN INTST CMDY,EE
SILENCE (2016),2374886,2,37,30,2,2017,HUMN INTST DRMA,EE
SLEEPLESS,9771305,2,40,34,2,2017,ACTION DRAMA,EE
SMURFS: THE LOST VILLAGE,13210449,14,71,32,2,2017,FAMILY,EE
SNATCHED,19542248,5,61,35,4,2017,HUMN INTST CMDY,EE
SPIDER-MAN: HOMECOMING,117027503,32,88,53,15,2017,ACTION ADVENTURE,EE
SPLIT (2017),40010975,9,43,37,3,2017,SUSPNS/THRILLER,EE
THE BELKO EXPERIMENT,4137230,0,27,29,1,2017,HORROR,EE
THE BOSS BABY,50198902,18,67,37,5,2017,ANIMATION,EE
THE BYE BYE MAN,15204094,3,38,31,1,2017,HORROR,EE
THE CASE FOR CHRIST,3967885,0,31,33,2,2017,DRAMA,EE
THE CIRCLE (2017),9034148,5,54,35,5,2017,DRAMA,EE
THE EMOJI MOVIE,24531923,16,79,27,2,2017,ANIMATION,EE
THE FATE OF THE FURIOUS,98786705,21,88,55,10,2017,ACTION,EE
THE FOUNDER,3404102,0,35,25,1,2017,DRAMA,EE
THE GLASS CASTLE,4678548,2,32,30,1,2017,DRAMA,EE
THE GREAT WALL,21508490,6,64,33,3,2017,ACTION,EE
THE HITMAN'S BODYGUARD,21384504,5,52,42,2,2017,ACTION,EE
THE HOUSE,8724795,3,49,35,3,2017,COMEDY,EE
THE LEGO BATMAN MOVIE,53003468,15,83,39,5,2017,ANIMATION,EE
THE MUMMY (2017),31668375,14,86,44,6,2017,ACTION ADVENTURE,EE
THE NUT JOB 2: NUTTY BY NATURE,8342311,2,56,30,1,2017,ANIMATION,EE
THE PROMISE (2017),4095718,1,34,29,1,2017,DRAMA,EE
THE RESURRECTION OF GAVIN STONE,1206771,0,29,30,1,2017,COMEDY,EE
THE SHACK,16172119,3,36,28,3,2017,DRAMA,EE
TRANSFORMERS: THE LAST KNIGHT,44680073,19,87,46,7,2017,ACTION ADVENTURE,EE
UNDERWORLD: BLOOD WARS,13688751,7,58,44,5,2017,HORROR,EE
UNFORGETTABLE (2017),4785431,1,40,29,2,2017,SUSPNS/THRILLER,EE
VALERIAN AND THE CITY OF A THOUSAND PLANETS,17007624,4,46,33,2,2017,ACTION ADVENTURE,EE
WAR FOR THE PLANET OF THE APES,56262929,14,85,41,8,2017,ACTION DRAMA,EE
WISH UPON,5467084,3,29,30,1,2017,HORROR,EE
WONDER WOMAN,103251471,24,90,50,13,2017,ACTION ADVENTURE,EE
XXX: RETURN OF XANDER CAGE,20130142,8,59,45,4,2017,ACTION ADVENTURE,EE
