Title,Studio,Genre,Rating,Release Date,DTR,Day of Week,Organic Conversation,Organic Intent,Humor,Group Dynamic,Paid Push,Twitter Mentions,Facebook PTAT,Wikipedia Desktop,Wikipedia All,YouTube Views,Theater Count,OBO,Holiday
The Woman in Black: Angel of Death,Relativity Media,Horror,PG-13,1/2/2015,1,Fri,2265,423,189,67,254,1535,122609,134804,NA,NA,2602,15027415,
Inherent Vice,Warner Bros.,Human Interest Drama,R,1/9/2015,1,Fri,4007,693,837,74,315,2251,10164,497528,NA,NA,645,2773260,
Selma,Paramount,Human Interest Drama,PG-13,1/9/2015,1,Fri,10600,1728,614,68,242,11669,83439,393247,NA,NA,2179,11307394,
Taken 3,20th Century Fox,Suspense/Thriller,PG-13,1/9/2015,1,Fri,27904,6941,1197,617,457,44308,269864,582596,NA,NA,3594,39201657,
American Sniper,Warner Bros.,Action Drama,R,1/16/2015,1,Fri,18470,5006,861,669,685,21716,815422,1456374,NA,NA,3555,89269066,Martin Luther King Jr. Day
Blackhat,Universal,Suspense/Thriller,R,1/16/2015,1,Fri,2759,289,177,20,105,2285,112124,248327,NA,NA,2567,3901815,Martin Luther King Jr. Day
Foxcatcher,Sony Pictures Classics,Human Interest Drama,R,1/16/2015,1,Fri,5006,858,415,42,100,3540,4779,1420489,NA,NA,759,980000,Martin Luther King Jr. Day
Paddington,The Weinstein Company,Family,PG,1/16/2015,1,Fri,16655,2709,785,290,3929,22060,68120,289336,NA,NA,3303,18966676,Martin Luther King Jr. Day
The Wedding Ringer,Sony Pictures,Human Interest Comedy,R,1/16/2015,1,Fri,2266,650,918,36,392,2571,243920,138637,NA,NA,3003,20649306,Martin Luther King Jr. Day
Mortdecai,Lionsgate Films,Zany Comedy,R,1/23/2015,1,Fri,3666,624,421,36,502,3727,43735,366650,NA,NA,2648,4200586,
Strange Magic,Disney,Family,PG,1/23/2015,1,Fri,1274,65,278,15,102,671,11883,109471,NA,NA,3020,5504441,
The Boy Next Door,Universal,Suspense/Thriller,R,1/23/2015,1,Fri,3821,929,247,77,353,5898,163154,332751,NA,NA,2602,14910105,
A Most Violent Year,A24 Films,Suspense/Thriller,R,1/30/2015,1,Fri,2781,450,424,32,118,1355,2597,299147,NA,NA,818,1512224,
Black or White,Relativity Media,Human Interest Drama,PG-13,1/30/2015,1,Fri,4531,839,306,26,162,1464,135182,86038,NA,NA,1823,6213362,
Project Almanac,Paramount,Suspense/Thriller,PG-13,1/30/2015,1,Fri,1044,236,72,21,173,1754,103460,219184,NA,NA,2893,8310252,
The Loft,Open Road Films,Suspense/Thriller,R,1/30/2015,1,Fri,2197,496,98,19,100,968,56056,150093,NA,NA,1841,2747342,
Jupiter Ascending,Warner Bros.,Action Drama,PG-13,2/6/2015,1,Fri,4860,966,268,52,796,4535,198325,844609,NA,NA,3181,18372372,
Seventh Son,Universal,Action Adventure,PG-13,2/6/2015,1,Fri,2552,463,138,15,132,1132,119296,520783,NA,NA,2875,7217640,
The SpongeBob Movie: Sponge Out of Water,Paramount,Family,PG,2/6/2015,1,Fri,45876,7332,5178,299,1151,43107,440905,270553,NA,NA,3641,55365012,
Fifty Shades of Grey,Universal,Romantic Drama,R,2/13/2015,1,Fri,107974,19390,8000,2541,3865,131495,3745914,1411816,NA,NA,3646,85171450,President's Day
Kingsman: The Secret Service,20th Century Fox,Action Drama,R,2/13/2015,1,Fri,14131,2897,678,187,876,17673,100564,635462,NA,NA,3204,36206331,President's Day
Hot Tub Time Machine 2,Paramount,Zany Comedy,R,2/20/2015,1,Fri,4014,521,605,18,325,3107,110616,237176,NA,NA,2880,5963324,
"McFarland, USA",Disney,Human Interest Drama,PG,2/20/2015,1,Fri,2799,550,157,22,317,2481,32159,159144,NA,NA,2755,11020798,
Still Alice,Sony Pictures Classics,Human Interest Drama,PG-13,2/20/2015,1,Fri,5470,806,504,44,145,6657,NA,463257,NA,NA,765,2166967,
The DUFF,Lionsgate Films,Human Interest Comedy,PG-13,2/20/2015,1,Fri,4125,870,480,55,410,3649,133643,227884,NA,NA,2575,10809149,
Focus (2015),Warner Bros.,Human Interest Comedy,R,2/27/2015,1,Fri,NA,NA,NA,NA,NA,NA,99235,385699,NA,NA,3323,18685137,
The Lazarus Effect,Relativity Media,Horror,PG-13,2/27/2015,1,Fri,1470,501,70,28,57,882,129722,144998,NA,NA,2666,10203437,
Chappie,Sony Pictures,Action Drama,R,3/6/2015,1,Fri,11936,2018,399,125,801,13258,295980,622716,NA,NA,3201,13346782,
The Second Best Exotic Marigold Hotel,Fox Searchlight Pictures,Human Interest Comedy,PG,3/6/2015,1,Fri,2122,302,194,14,139,799,42372,183412,NA,NA,1573,8540370,
Unfinished Business,20th Century Fox,Human Interest Comedy,R,3/6/2015,1,Fri,2777,351,315,6,134,3482,7153,120601,NA,NA,2777,4772613,
Cinderella (2015),Disney,Family,PG,3/13/2015,1,Fri,54126,10644,3611,442,1289,28837,647501,783142,NA,NA,3845,67877361,
Run All Night,Warner Bros.,Suspense/Thriller,R,3/13/2015,1,Fri,1226,163,87,6,130,1865,48374,178185,NA,NA,3171,11012305,
Do You Believe?,Pure Flix Entertainment,Human Interest Drama,PG-13,3/20/2015,1,Fri,1056,101,51,8,26,428,280778,29625,NA,NA,1320,3591282,
The Divergent Series: Insurgent,Lionsgate Films,Action Drama,PG-13,3/20/2015,1,Fri,48476,7312,2924,307,1263,62405,957629,632012,NA,NA,3875,52263680,
The Gunman,Open Road Films,Action Drama,R,3/20/2015,1,Fri,2346,231,110,10,161,2128,23860,149804,NA,NA,2816,5028702,
Get Hard,Warner Bros.,Human Interest Comedy,R,3/27/2015,1,Fri,4320,832,1235,53,215,3401,209562,257881,NA,NA,3175,33803253,
Home (2015),20th Century Fox,Family,PG,3/27/2015,1,Fri,NA,NA,NA,NA,NA,NA,208172,319834,NA,NA,3708,52107731,
It Follows,The Weinstein Company,Horror,R,3/27/2015,1,Fri,2718,462,266,32,62,1195,27182,280731,NA,NA,1218,3811052,
Furious 7,Universal,Action Adventure,PG-13,4/3/2015,1,Fri,83152,13484,2817,894,3857,134950,7194282,1284956,NA,NA,4004,147187040,
Danny Collins,Bleecker Street Media,Human Interest Comedy,R,4/10/2015,1,Fri,578,74,138,6,39,278,NA,82700,NA,NA,738,1479158,
The Longest Ride,20th Century Fox,Romantic Drama,PG-13,4/10/2015,1,Fri,9330,2752,430,1127,4882,18691,95691,231634,NA,NA,3366,13019686,
Woman in Gold,The Weinstein Company,Human Interest Drama,PG-13,4/10/2015,1,Fri,1507,138,167,3,71,804,32479,175983,NA,NA,1504,5483125,
Paul Blart: Mall Cop 2,Sony Pictures,Zany Comedy,PG,4/17/2015,1,Fri,2929,487,502,20,573,2750,120878,198415,NA,NA,3633,23762435,
True Story,Fox Searchlight Pictures,Human Interest Drama,R,4/17/2015,1,Fri,NA,NA,NA,NA,NA,NA,326,301920,NA,NA,831,1950214,
Unfriended,Universal,Horror,R,4/17/2015,1,Fri,5691,1212,513,228,255,12356,404157,620172,NA,NA,2739,15845115,
While We're Young,A24 Films,Human Interest Comedy,R,4/17/2015,1,Fri,NA,NA,NA,NA,NA,NA,3328,NA,NA,NA,713,1438384,
Ex Machina,A24 Films,Suspense/Thriller,R,4/24/2015,1,Fri,3432,347,245,17,110,3296,14426,509114,1,NA,1255,5349499,
Little Boy,Sundance Selects,Human Interest Drama,PG-13,4/24/2015,1,Fri,NA,NA,NA,NA,NA,NA,28136,64608,NA,NA,1045,2750356,
The Age of Adaline,Lionsgate Films,Romantic Drama,PG-13,4/24/2015,1,Fri,3639,773,312,79,367,7492,153691,379654,NA,NA,2991,13203458,
Avengers: Age of Ultron,Disney,Action Adventure,PG-13,5/1/2015,1,Fri,277266,40171,14196,1408,16975,351605,634663,4125377,NA,NA,4276,191271109,
Hot Pursuit (2015),Warner Bros.,Action Comedy,PG-13,5/8/2015,1,Fri,2295,379,449,10,1265,3349,94797,165250,NA,NA,3003,13942258,
The D Train,IFC Films,Human Interest Comedy,R,5/8/2015,1,Fri,NA,NA,NA,NA,NA,NA,1253,37182,NA,NA,1009,447524,
Mad Max: Fury Road,Warner Bros.,Action Adventure,R,5/15/2015,1,Fri,28781,4375,2371,173,441,18213,253355,1097729,NA,NA,3702,45428128,
Pitch Perfect 2,Universal,Human Interest Comedy,PG-13,5/15/2015,1,Fri,25145,5554,2891,334,951,30558,700158,660067,NA,NA,3473,69216890,
Disney's Tomorrowland,Disney,Family,PG,5/22/2015,1,Fri,15724,1925,623,143,744,21715,115973,718658,NA,NA,4267,33028165,Memorial Day
Far from the Madding Crowd,Fox Searchlight Pictures,Human Interest Drama,PG-13,5/22/2015,1,Fri,2204,305,216,18,208,1072,13094,12918,NA,NA,865,2287234,Memorial Day
Poltergeist (2015),20th Century Fox,Horror,PG-13,5/22/2015,1,Fri,15549,2310,987,180,218,17701,74355,293756,NA,NA,3240,22620386,Memorial Day
Aloha,Sony Pictures,Romantic Comedy,PG-13,5/29/2015,1,Fri,3597,679,159,19,151,1478,16409,340084,NA,1257703,2815,9670235,
San Andreas,Warner Bros.,Action Adventure,PG-13,5/29/2015,1,Fri,11186,1256,879,91,449,13634,245419,772083,NA,5175248,3777,54588173,
Entourage,Warner Bros.,Human Interest Comedy,R,6/3/2015,1,Wed,12426,2059,1223,124,2014,15125,118345,504272,NA,NA,3108,10283250,
Insidious: Chapter 3,Focus Features,Horror,PG-13,6/5/2015,1,Fri,8584,1275,822,215,207,4362,316309,384377,NA,2210130,3002,22692741,
Spy,20th Century Fox,Action Comedy,R,6/5/2015,1,Fri,20125,3043,1871,80,373,11953,58356,485880,NA,NA,3711,29085719,
Jurassic World,Universal,Action Adventure,PG-13,6/12/2015,1,Fri,135291,18627,6723,1072,4332,221651,457997,1793850,NA,28451141,4274,208806270,
Dope,Open Road Films,Human Interest Comedy,R,6/19/2015,1,Fri,NA,NA,NA,NA,NA,NA,44208,144967,NA,NA,2002,6100010,
Inside Out (2015),Disney,Family,PG,6/19/2015,1,Fri,26734,5250,2357,172,2324,28998,73251,735640,NA,34376934,3946,90440272,
Love & Mercy,Roadside Attractions,Human Interest Drama,PG-13,6/19/2015,1,Fri,NA,NA,NA,NA,NA,NA,17444,172499,NA,NA,791,1748331,
Max (2015),Warner Bros.,Family,PG,6/26/2015,1,Fri,NA,NA,NA,NA,NA,NA,154290,173732,NA,NA,2855,12155254,
Ted 2,Universal,Zany Comedy,R,6/26/2015,1,Fri,32298,5494,4437,308,923,24923,402736,608580,NA,NA,3442,33507870,
Magic Mike XXL,Warner Bros.,Human Interest Drama,R,7/1/2015,1,Wed,37813,6602,2475,818,1287,52731,282637,535015,NA,NA,3355,12857184,Independence Day
Me and Earl and the Dying Girl,Fox Searchlight Pictures,Human Interest Drama,PG-13,7/1/2015,1,Wed,1980,186,368,12,2061,4544,2258,107116,NA,4175939,870,1246803,
Terminator: Genisys,Paramount,Action Drama,PG-13,7/1/2015,1,Wed,30204,4452,3259,423,1119,24482,136871,1489205,NA,NA,3758,27018486,Independence Day
Minions,Universal,Family,PG,7/10/2015,1,Fri,54252,8101,7429,893,2817,56030,182872,760420,NA,80066613,4301,115718405,
Self/less,Focus Features,Suspense/Thriller,PG-13,7/10/2015,1,Fri,NA,NA,NA,NA,NA,NA,14448,125989,NA,NA,2353,5403460,
The Gallows,Warner Bros.,Horror,R,7/10/2015,1,Fri,4098,2374,147,460,402,6417,166885,18597,NA,NA,2720,9808463,
Ant-Man,Disney,Action Adventure,PG-13,7/17/2015,1,Fri,51132,6025,3215,417,7835,73016,112982,1402205,802508,14008834,3856,57225526,
Trainwreck,Universal,Romantic Comedy,R,7/17/2015,1,Fri,10320,1955,1746,140,138,13675,191268,485262,991706,12345627,3158,30097040,
Mr. Holmes,Roadside Attractions,Human Interest Drama,PG,7/24/2015,1,Fri,NA,NA,NA,NA,NA,NA,NA,218895,NA,NA,686,2868335,
Paper Towns,20th Century Fox,Romantic Drama,PG-13,7/24/2015,1,Fri,44591,9190,1755,1527,3326,115954,131260,424970,NA,NA,3031,12650140,
Pixels,Sony Pictures,Action Comedy,PG-13,7/24/2015,1,Fri,11134,1702,723,139,909,16532,35272,693866,NA,NA,3723,24011616,
Southpaw,The Weinstein Company,Human Interest Drama,R,7/24/2015,1,Fri,9658,3171,430,354,354,16816,98005,549661,NA,NA,2772,16701294,
Vacation (2015),Warner Bros.,Human Interest Comedy,R,7/29/2015,1,Wed,NA,NA,NA,NA,NA,NA,134313,502508,NA,NA,3411,14681108,
Mission: Impossible - Rogue Nation,Paramount,Action Drama,PG-13,7/31/2015,1,Fri,24272,2561,1776,170,1150,33914,96202,649883,NA,41181323,3956,55520089,
Shaun the Sheep Movie,Lionsgate Films,Family,PG,8/5/2015,1,Wed,5631,247,658,11,549,2845,76864,92325,52264,3395242,2320,4038962,
Fantastic Four (2015),20th Century Fox,Action Adventure,PG-13,8/7/2015,1,Fri,59217,6835,2675,450,1876,74520,40163,849704,NA,NA,3995,25685737,
Irrational Man,Sony Pictures Classics,Human Interest Drama,R,8/7/2015,1,Fri,NA,NA,NA,NA,NA,NA,NA,209345,NA,NA,925,836034,
Ricki and the Flash,Sony Pictures,Human Interest Drama,PG-13,8/7/2015,1,Fri,1242,156,200,14,113,1678,53420,178226,225108,7373083,1603,6610961,
The Gift (2015),STX Entertainment,Suspense/Thriller,R,8/7/2015,1,Fri,3877,692,331,30,58,2556,14779,222022,NA,NA,2503,11854273,
Straight Outta Compton,Universal,Human Interest Drama,R,8/14/2015,1,Fri,35032,7869,1500,1685,2150,89782,524545,691247,NA,NA,2757,60200180,
The Man from U.N.C.L.E.,Warner Bros.,Action Drama,PG-13,8/14/2015,1,Fri,3950,477,524,32,238,4335,19954,503667,NA,9818094,3638,13421036,
American Ultra,Lionsgate Films,Action Comedy,R,8/21/2015,1,Fri,4074,523,296,46,145,5296,40199,221753,300030,15792290,2778,5454284,
Hitman: Agent 47,20th Century Fox,Action Drama,R,8/21/2015,1,Fri,9920,1148,465,83,718,9848,19928,374041,NA,NA,3261,8326530,
Sinister 2,Focus Features,Horror,R,8/21/2015,1,Fri,9055,1607,571,492,211,7764,153947,258863,358418,8739307,2766,10542116,
No Escape (2015),The Weinstein Company,Suspense/Thriller,R,8/26/2015,1,Wed,1562,197,137,10,54,1395,1857,230287,428331,13495147,3355,8111264,
The Diary of a Teenage Girl,Sony Pictures Classics,Romantic Drama,R,8/28/2015,1,Fri,NA,NA,NA,NA,NA,NA,2649,105525,NA,NA,795,393153,
War Room,Sony Pictures,Human Interest Drama,PG,8/28/2015,1,Fri,1203,228,136,27,64,1003,225947,51061,NA,NA,1135,11351389,
We Are Your Friends,Warner Bros.,Human Interest Drama,R,8/28/2015,1,Fri,1856,272,172,20,242,3735,60534,214979,NA,NA,2333,1767308,
A Walk in the Woods,Broad Green Pictures,Human Interest Comedy,R,9/2/2015,1,Wed,982,159,193,6,70,535,88094,61865,74234,687967,1960,8246267,Labor Day
The Transporter Refueled,EuropaCorp USA,Action Drama,PG-13,9/4/2015,1,Fri,4844,546,219,20,555,3131,40560,127209,NA,NA,3434,7355622,Labor Day
90 Minutes in Heaven,Samuel Goldwyn Films,Human Interest Drama,PG-13,9/11/2015,1,Fri,345,65,47,2,19,269,71702,36429,54950,137637,877,2035273,
The Perfect Guy,Sony Pictures,Suspense/Thriller,PG-13,9/11/2015,1,Fri,NA,NA,NA,NA,NA,NA,279918,94030,NA,NA,2221,25888154,
The Visit (2015-I),Universal,Horror,PG-13,9/11/2015,1,Fri,NA,NA,NA,NA,NA,NA,425724,564507,NA,NA,3069,25427560,
Black Mass,Warner Bros.,Suspense/Thriller,R,9/18/2015,1,Fri,8425,1604,557,238,339,13298,149767,812773,1181116,10939161,3188,22635037,
Captive (2015),Paramount,Suspense/Thriller,PG-13,9/18/2015,1,Fri,1510,109,96,6,58,1384,109931,104986,146908,586169,806,1393243,
Grandma,Sony Pictures Classics,Human Interest Comedy,R,9/18/2015,1,Fri,NA,NA,NA,NA,NA,NA,6817,54079,NA,NA,1021,1501101,
Maze Runner: Scorch Trials,20th Century Fox,Suspense/Thriller,PG-13,9/18/2015,1,Fri,66276,10221,2685,617,6408,131591,173154,472915,874218,22186586,3791,30316510,
Everest (2015),Universal,Action Drama,PG-13,9/25/2015,1,Fri,11532,1467,661,79,487,11314,82694,894489,NA,NA,3006,13242895,
Hotel Transylvania 2,Sony Pictures,Family,PG,9/25/2015,1,Fri,5998,1006,546,76,1377,35079,205674,379497,420962,38430697,3754,48464322,
Pawn Sacrifice,Bleecker Street Media,Human Interest Drama,PG-13,9/25/2015,1,Fri,547,71,76,2,42,301,9016,168748,193487,1657734,781,1005071,
The Green Inferno,High Top Releasing,Horror,R,9/25/2015,1,Fri,2313,569,113,72,129,3419,140258,311058,NA,NA,1540,3520626,
The Intern,Warner Bros.,Human Interest Comedy,PG-13,9/25/2015,1,Fri,2870,423,381,27,130,7827,51018,294048,360693,9725485,3305,17728313,
Sicario,Lionsgate Films,Action Drama,R,10/2/2015,1,Fri,4396,600,346,28,315,5587,25863,381293,611249,12097093,2620,12148041,
The Martian,20th Century Fox,Action Drama,PG-13,10/2/2015,1,Fri,17446,2638,1229,185,1155,29037,64063,1002907,1223088,34678697,3831,54308575,
99 Homes,Broad Green Pictures,Human Interest Drama,R,10/9/2015,1,Fri,NA,NA,NA,NA,NA,NA,1768,92771,NA,NA,691,647825,
Pan,Warner Bros.,Family,PG,10/9/2015,1,Fri,NA,NA,NA,NA,NA,NA,47330,543641,NA,NA,3515,15315435,
The Walk,Sony Pictures,Human Interest Drama,PG,10/9/2015,1,Fri,3793,227,399,51,203,3662,33347,487545,1024335,7294674,2509,3719177,
Bridge of Spies,Disney,Human Interest Drama,PG-13,10/16/2015,1,Fri,2650,303,292,34,126,2363,7369,531039,703827,3099066,2811,15371203,
Crimson Peak,Universal,Horror,R,10/16/2015,1,Fri,7206,1169,433,73,278,18955,98211,740335,NA,NA,2984,13143310,
Goosebumps,Sony Pictures,Family,PG,10/16/2015,1,Fri,10010,967,432,52,186,12349,52270,339457,472912,25442405,3501,23618556,
Woodlawn,Pure Flix Entertainment,Human Interest Drama,PG,10/16/2015,1,Fri,1736,411,27,17,219,3142,319779,30129,87209,77730,1553,4002226,
Jem and the Holograms,Universal,Human Interest Drama,PG,10/23/2015,1,Fri,2899,227,305,23,274,3716,36114,234198,306323,1848800,2413,1375320,
Paranormal Activity: The Ghost Dimension,Paramount,Horror,R,10/23/2015,1,Fri,2735,494,470,109,158,2191,206198,258694,391029,2984595,1656,8070493,
Rock the Kasbah,Open Road Films,Human Interest Comedy,R,10/23/2015,1,Fri,1194,104,196,16,80,1334,4324,145659,199951,4258744,2012,1470592,
Steve Jobs,Universal,Human Interest Drama,R,10/23/2015,1,Fri,17817,1687,980,103,536,20945,12344,591840,NA,NA,2493,7105735,
The Last Witch Hunter,Lionsgate Films,Action Drama,PG-13,10/23/2015,1,Fri,2587,259,191,23,175,2816,73903,354223,NA,NA,3082,10812861,
Burnt,The Weinstein Company,Human Interest Drama,R,10/30/2015,1,Fri,295,32,9,1,15,596,3295,253988,346023,6120347,3003,5002521,
Our Brand is Crisis (2015),Warner Bros.,Human Interest Comedy,R,10/30/2015,1,Fri,2116,203,335,32,542,2903,5931,116857,256397,3640601,2202,3238433,
Scouts Guide to the Zombie Apocalypse,Paramount,Zany Comedy,R,10/30/2015,1,Fri,977,129,124,8,83,1384,56081,91251,NA,NA,1509,1841007,
Truth,Sony Pictures Classics,Human Interest Drama,R,10/30/2015,1,Fri,NA,NA,NA,NA,NA,NA,NA,153765,NA,NA,1122,875935,
Spectre,Sony Pictures,Action Adventure,PG-13,11/6/2015,1,Fri,84120,7438,3757,353,1432,108938,84779,2083272,NA,NA,3929,70403148,
The Peanuts Movie,20th Century Fox,Family,G,11/6/2015,1,Fri,27679,3365,1147,201,4875,41268,165878,277401,374640,9322399,3897,44213073,
Love the Coopers,Lionsgate Films,Human Interest Comedy,PG-13,11/13/2015,1,Fri,602,62,109,2,722,1208,105830,90705,NA,NA,2603,8317545,
My All American,Aviron Pictures,Human Interest Drama,PG,11/13/2015,1,Fri,711,102,60,2,2795,4143,22525,4087,NA,NA,1565,1365000,
The 33,Warner Bros.,Human Interest Drama,PG-13,11/13/2015,1,Fri,1852,279,232,18,215,2043,41135,182703,NA,NA,2452,5787266,
Secret in Their Eyes,STX Entertainment,Suspense/Thriller,PG-13,11/20/2015,1,Fri,925,105,172,8,369,929,3380,169277,370358,8357111,2392,6652996,
The Hunger Games: Mockingjay Part 2,Lionsgate Films,Action Adventure,PG-13,11/20/2015,1,Fri,146809,16085,7156,1533,12529,316959,225133,718217,NA,NA,4175,102665981,
The Night Before (2015),Sony Pictures,Human Interest Comedy,R,11/20/2015,1,Fri,3184,497,386,41,117,3904,NA,169930,307174,21575611,2960,9880536,
Creed,Warner Bros.,Human Interest Drama,PG-13,11/25/2015,1,Wed,13193,2210,1085,206,307,11718,165862,796291,NA,NA,3404,29632823,Thanksgiving
The Good Dinosaur,Disney,Family,PG,11/25/2015,1,Wed,13005,1916,721,147,1174,23703,34450,601458,827999,32785058,3749,39155217,Thanksgiving
Victor Frankenstein,20th Century Fox,Suspense/Thriller,PG-13,11/25/2015,1,Wed,1353,141,199,10,44,1654,9959,325866,474448,9502633,2797,2469341,Thanksgiving
Brooklyn (2015-I),Fox Searchlight Pictures,Romantic Drama,PG-13,11/27/2015,1,Fri,NA,NA,NA,NA,NA,NA,5609,242009,NA,NA,845,3946667,
Spotlight,Open Road Films,Human Interest Drama,R,11/27/2015,1,Fri,7412,928,518,52,209,5209,11213,320887,634881,2076094,897,4408252,
Trumbo (2015),Bleecker Street Media,Human Interest Drama,R,11/27/2015,1,Fri,NA,NA,NA,NA,NA,NA,4250,224580,NA,NA,617,1613397,
Krampus,Universal,Horror,PG-13,12/4/2015,1,Fri,2775,514,275,54,153,5191,116160,415956,NA,NA,2902,16293325,
The Letters,Freestyle Releasing,Human Interest Drama,PG,12/4/2015,1,Fri,NA,NA,NA,NA,NA,NA,24435,4451,NA,NA,886,700683,
In the Heart of the Sea,Warner Bros.,Action Drama,PG-13,12/11/2015,1,Fri,2598,318,313,20,1618,5834,32550,547692,1058196,7232200,3103,11053366,
Alvin and the Chipmunks: The Road Chip,20th Century Fox,Family,PG,12/18/2015,1,Fri,2822,474,319,23,673,4104,140658,260204,442299,7647957,3653,14287159,
Sisters (2015),Universal,Human Interest Comedy,R,12/18/2015,1,Fri,4030,470,1274,59,302,6938,399683,217507,444508,13340342,2962,13922855,
Star Wars: The Force Awakens,Disney,Action Adventure,PG-13,12/18/2015,1,Fri,539106,76919,32702,5092,48720,975457,343748,5197103,9846666,202610109,4134,247966675,
Concussion (2015),Sony Pictures,Human Interest Drama,PG-13,12/25/2015,1,Fri,21436,2362,873,204,589,47977,8799,548833,NA,NA,2841,10513749,
Daddy's Home (2015),Paramount,Human Interest Comedy,PG-13,12/25/2015,1,Fri,1377,178,333,12,193,1747,317570,201103,NA,NA,3271,38740203,
Joy,20th Century Fox,Human Interest Drama,PG-13,12/25/2015,1,Fri,NA,NA,NA,NA,NA,NA,52391,886335,NA,NA,2896,17015168,
Point Break (2015),Warner Bros.,Action Drama,PG-13,12/25/2015,1,Fri,3091,332,255,14,138,3129,9366,306705,632157,21348620,2910,9800252,
The Big Short,Paramount,Human Interest Drama,R,12/25/2015,1,Fri,5425,502,908,22,146,5774,7541,599366,1115466,9826451,1585,10531026,
The Hateful Eight,The Weinstein Company,Action Drama,R,1/1/2016,1,Fri,24363,2617,1397,111,522,34145,30501,1579982,3044404,26252398,2474,15706645,
The Forest (2016-I),Focus Features,Horror,PG-13,1/8/2016,1,Fri,1940,304,122,34,73,2063,10654,288065,828187,2918831,2451,12741176,
The Revenant (2015),20th Century Fox,Suspense/Thriller,R,1/8/2016,1,Fri,20690,2926,1441,91,770,28370,86737,2223255,NA,NA,3375,39826840,
13 Hours: The Secret Soldiers of Benghazi,Paramount,Action Drama,R,1/15/2016,1,Fri,7578,908,369,51,490,12284,192338,524263,1131495,12325957,2389,16194738,Martin Luther King Jr. Day
Carol,The Weinstein Company,Romantic Drama,R,1/15/2016,1,Fri,NA,NA,NA,NA,NA,NA,NA,NA,NA,NA,790,1458049,Martin Luther King Jr. Day
Norm of the North,Lionsgate Films,Family,PG,1/15/2016,1,Fri,603,64,74,3,405,915,39336,89868,146325,1134597,2411,6844137,Martin Luther King Jr. Day
Ride Along 2,Universal,Action Comedy,PG-13,1/15/2016,1,Fri,15343,3757,2863,560,2958,50967,276004,180518,358155,23598631,3175,35243095,Martin Luther King Jr. Day
Dirty Grandpa,Lionsgate Films,Human Interest Comedy,R,1/22/2016,1,Fri,2741,299,309,26,230,3991,71615,256896,477651,13035011,2912,11111875,
Room (2015),A24 Films,Human Interest Drama,R,1/22/2016,1,Fri,NA,NA,NA,NA,NA,NA,10065,939827,NA,NA,862,1335563,
The 5th Wave,Sony Pictures,Action Adventure,PG-13,1/22/2016,1,Fri,12875,3065,396,250,804,21710,89601,354495,740014,29124006,2908,10326356,
The Boy (2016),STX Entertainment,Horror,PG-13,1/22/2016,1,Fri,4121,605,362,149,573,4700,17221,274234,759149,44515,2671,10778392,
The Danish Girl,Focus Features,Human Interest Drama,R,1/22/2016,1,Fri,NA,NA,NA,NA,NA,NA,5872,1058947,NA,NA,794,526374,
Fifty Shades of Black,Open Road Films,Zany Comedy,R,1/29/2016,1,Fri,2951,511,506,59,419,4482,91836,210592,434061,11970459,2075,5900528,
Jane Got a Gun,The Weinstein Company,Action Drama,R,1/29/2016,1,Fri,741,82,80,6,18,463,24142,143661,220972,2382092,1210,835572,
Kung Fu Panda 3,20th Century Fox,Family,PG,1/29/2016,1,Fri,7707,998,978,42,1557,7829,206118,525339,940887,31727023,3955,41282042,
The Finest Hours,Disney,Action Drama,PG-13,1/29/2016,1,Fri,1645,195,124,9,365,3043,13403,367360,984529,8374886,3143,10288932,
"Hail, Caesar!",Universal,Human Interest Comedy,PG-13,2/5/2016,1,Fri,2318,294,430,12,148,2185,126361,549174,931992,19741807,2232,11355225,
Pride and Prejudice and Zombies,Sony Pictures,Action Comedy,PG-13,2/5/2016,1,Fri,2848,370,322,42,153,2474,45790,319091,NA,NA,2931,5324240,
The Choice (2016),Lionsgate Films,Romantic Drama,PG-13,2/5/2016,1,Fri,3372,467,374,80,4921,12298,93003,54834,118979,201618,2631,6050443,
Deadpool,20th Century Fox,Action Adventure,R,2/12/2016,1,Fri,165197,22710,11350,3239,24494,341300,503821,1867646,3861901,192944752,3558,132434639,President's Day
How to Be Single,Warner Bros.,Romantic Comedy,R,2/12/2016,1,Fri,3752,403,231,16,250,6772,91631,225400,436266,9865492,3343,17878911,President's Day
Zoolander 2,Paramount,Zany Comedy,PG-13,2/12/2016,1,Fri,21479,2153,10495,178,794,66620,176660,455935,859338,47073140,3394,13841146,President's Day
Race (2016),Focus Features,Human Interest Drama,PG-13,2/19/2016,1,Fri,NA,NA,NA,NA,NA,NA,6188,42406,NA,NA,2369,7353922,
Risen (2016),Sony Pictures,Human Interest Drama,PG-13,2/19/2016,1,Fri,3830,693,364,49,131,2193,143979,193773,NA,NA,2915,11801271,
The Witch,A24 Films,Horror,R,2/19/2016,1,Fri,3356,387,255,35,46,3530,252863,295425,565456,23286625,2046,8800230,
Eddie the Eagle,20th Century Fox,Human Interest Comedy,PG-13,2/26/2016,1,Fri,2357,262,200,16,1222,4812,89791,248957,527975,8345834,2042,6084682,
Gods of Egypt,Lionsgate Films,Action Adventure,PG-13,2/26/2016,1,Fri,5504,599,289,50,625,8509,64584,633097,1128413,34967347,3117,14123903,
Triple 9,Open Road Films,Action Drama,R,2/26/2016,1,Fri,1445,200,141,10,144,2057,33133,291145,524035,5881266,2205,6109085,
London Has Fallen,Focus Features,Action Drama,R,3/4/2016,1,Fri,2580,365,185,21,146,2914,59264,453776,968225,10955339,3490,21635601,
Whiskey Tango Foxtrot,Paramount,Human Interest Comedy,R,3/4/2016,1,Fri,2464,177,330,16,118,3016,27882,207218,367541,6175620,2374,7443007,
Zootopia,Disney,Family,PG,3/4/2016,1,Fri,15354,1925,1818,92,836,37135,159995,766272,1279115,25810934,3827,75063401,
10 Cloverfield Lane,Paramount,Suspense/Thriller,PG-13,3/11/2016,1,Fri,6930,891,368,44,84,9094,33071,963770,2704568,18323494,3391,24727437,
The Brothers Grimsby,Sony Pictures,Action Comedy,R,3/11/2016,1,Fri,3446,138,275,4,181,6412,67243,343056,700054,17423786,2235,3258327,
The Perfect Match,Lionsgate Films,Romantic Comedy,R,3/11/2016,1,Fri,1064,186,47,15,36,1307,NA,25908,NA,NA,925,4294232,
The Young Messiah,Focus Features,Human Interest Drama,PG-13,3/11/2016,1,Fri,392,78,26,3,36,382,119788,85513,NA,NA,1761,3294876,
Miracles from Heaven,Sony Pictures,Human Interest Drama,PG,3/16/2016,1,Wed,1708,356,175,22,452,3386,367138,305122,948265,6173312,3047,14812393,
The Bronze,Sony Pictures Classics,Human Interest Comedy,R,3/18/2016,1,Fri,NA,NA,NA,NA,NA,NA,9154,86580,NA,NA,1167,386328,
The Divergent Series: Allegiant,Lionsgate Films,Action Drama,PG-13,3/18/2016,1,Fri,24691,4268,1506,345,4028,44459,156958,465110,1036177,8024811,3740,29027348,
Batman V Superman: Dawn of Justice,Warner Bros.,Action Adventure,PG-13,3/25/2016,1,Fri,209311,22564,6718,1879,22600,446412,482139,2828643,5910030,280819759,4242,166007347,
My Big Fat Greek Wedding 2,Universal,Romantic Comedy,PG-13,3/25/2016,1,Fri,4609,838,381,66,1242,8710,264638,281699,644666,9471862,3133,17861950,
God's Not Dead 2,Pure Flix Entertainment,Human Interest Drama,PG,4/1/2016,1,Fri,1912,226,94,20,426,2236,1029446,75193,129503,110018,2419,7623662,
Meet the Blacks,Freestyle Releasing,Zany Comedy,R,4/1/2016,1,Fri,455,89,103,12,91,1213,96658,22326,40401,3314759,1015,4055940,
Demolition,Fox Searchlight Pictures,Human Interest Drama,R,4/8/2016,1,Fri,NA,NA,NA,NA,NA,NA,12416,131530,NA,NA,854,1098290,
Hardcore Henry,STX Entertainment,Action Drama,R,4/8/2016,1,Fri,2394,320,113,22,365,3828,64252,265341,556518,25376002,3015,5107604,
The Boss,Universal,Human Interest Comedy,R,4/8/2016,1,Fri,18134,2931,2190,191,497,13453,273459,198085,NA,NA,3480,23586645,
Barbershop: The Next Cut,Warner Bros.,Human Interest Comedy,PG-13,4/15/2016,1,Fri,4068,742,615,212,787,10937,388187,137182,252883,9657586,2661,20242415,
Criminal (2016),Lionsgate Films,Action Drama,R,4/15/2016,1,Fri,NA,NA,NA,NA,NA,NA,96553,216799,NA,NA,2683,5767278,
The Jungle Book (2016),Disney,Family,PG,4/15/2016,1,Fri,33420,7114,1418,875,1696,64977,465989,1183252,2478767,54857628,4028,103261464,
The Huntsman: Winter's War,Universal,Action Adventure,PG-13,4/22/2016,1,Fri,9256,1080,379,77,2305,29042,447673,472797,1179354,40080894,3791,19445035,
Keanu,Warner Bros.,Zany Comedy,R,4/29/2016,1,Fri,3188,396,630,26,178,4557,75137,210698,394309,5987736,2658,9453224,
Mother's Day (2016),Open Road Films,Human Interest Comedy,PG-13,4/29/2016,1,Fri,9312,1325,779,59,800,13242,42884,218306,NA,NA,3035,8369184,
Ratchet & Clank,Focus Features,Family,PG,4/29/2016,1,Fri,3485,312,181,24,111,6082,50069,299722,496617,4760672,2891,4869278,
Captain America: Civil War,Disney,Action Adventure,PG-13,5/6/2016,1,Fri,252214,23323,8575,883,18463,459811,595020,4193685,8901313,295510372,4226,179139142,
Money Monster,Sony Pictures,Suspense/Thriller,R,5/13/2016,1,Fri,3280,294,309,24,2206,6940,13141,219890,427338,9222709,3104,14788157,
The Darkness (2016),High Top Releasing,Horror,PG-13,5/13/2016,1,Fri,3123,110,268,27,45,3223,167804,70274,126225,1191584,1755,4950859,Friday the 13th
Neighbors 2: Sorority Rising,Universal,Human Interest Comedy,R,5/20/2016,1,Fri,8107,1467,1761,161,523,12243,169042,501511,965100,44386957,3384,21760405,
The Angry Birds Movie,Sony Pictures,Family,PG,5/20/2016,1,Fri,8962,1115,757,92,762,12873,149890,406677,731380,85389125,3932,38155177,
The Nice Guys,Warner Bros.,Action Comedy,R,5/20/2016,1,Fri,2570,347,604,29,545,4127,20296,292018,496462,15433253,2865,11203270,
Alice Through the Looking Glass,Disney,Family,PG,5/27/2016,1,Fri,45904,3338,1451,122,764,40944,682182,735557,1334613,27547280,3763,26858726,Memorial Day
X-Men: Apocalypse,20th Century Fox,Action Adventure,PG-13,5/27/2016,1,Fri,76713,10831,4469,686,3639,111644,274687,2990101,5978866,164227982,4150,65769562,Memorial Day
Love & Friendship,Roadside Attractions,Romantic Drama,PG,6/3/2016,1,Fri,NA,NA,NA,NA,NA,NA,NA,NA,NA,NA,819,2139663,
Me Before You,Warner Bros.,Romantic Drama,PG-13,6/3/2016,1,Fri,15526,2176,643,218,1371,38044,292252,509682,1080794,33462713,2704,18723269,
Popstar: Never Stop Never Stopping,Universal,Zany Comedy,R,6/3/2016,1,Fri,2712,218,1289,14,134,7628,78092,200639,315100,17669356,2311,4698715,
Teenage Mutant Ninja Turtles: Out of the Shadows,Paramount,Family,PG-13,6/3/2016,1,Fri,25033,3595,1747,198,1166,31468,149399,674013,1221296,25922660,4071,35316382,
Now You See Me 2,Lionsgate Films,Action Adventure,PG-13,6/10/2016,1,Fri,4164,856,414,77,1084,6966,193007,590604,1248059,27298850,3232,22383146,
The Conjuring 2,Warner Bros.,Horror,R,6/10/2016,1,Fri,9035,2309,1220,602,1259,12106,644846,518444,1372442,32281522,3343,40406314,
Warcraft,Universal,Action Adventure,PG-13,6/10/2016,1,Fri,38026,3860,1299,271,1646,56827,225049,1312459,2241934,35182498,3400,24166110,
Central Intelligence,Warner Bros.,Action Comedy,PG-13,6/17/2016,1,Fri,4718,566,798,29,396,13632,128737,163872,310416,33825916,3508,35535250,
Finding Dory,Disney,Family,PG,6/17/2016,1,Fri,25938,5062,1682,882,1804,86533,462017,758901,1455328,30538749,4305,135060273,
Free State of Jones,STX Entertainment,Human Interest Drama,R,6/24/2016,1,Fri,1392,197,78,6,64,1258,22276,372059,924383,7942948,2815,7572206,
Independence Day: Resurgence,20th Century Fox,Action Adventure,PG-13,6/24/2016,1,Fri,13571,1507,1165,93,718,17037,263706,982894,1944870,67188131,4130,41039944,
The Neon Demon,Broad Green Pictures,Horror,R,6/24/2016,1,Fri,3085,241,245,17,103,4089,216468,377840,NA,NA,783,589014,
The Shallows,Sony Pictures,Suspense/Thriller,PG-13,6/24/2016,1,Fri,3067,553,252,181,280,3691,269884,329095,854040,26666384,2962,16800868,
Swiss Army Man,A24 Films,Human Interest Comedy,R,7/1/2016,1,Fri,3168,371,288,28,100,4409,156855,386845,707105,26390742,636,1414751,Independence Day
The BFG,Disney,Family,PG,7/1/2016,1,Fri,4971,595,431,68,988,11597,97186,514198,942732,22869656,3357,18775350,Independence Day
The Legend of Tarzan,Warner Bros.,Action Adventure,PG-13,7/1/2016,1,Fri,8435,1291,569,76,2671,12878,186663,579293,1128174,61264472,3561,38527856,Independence Day
The Purge: Election Year,Universal,Suspense/Thriller,R,7/1/2016,1,Fri,12658,2817,1015,648,1212,20746,673833,469522,973127,20910099,2796,31515110,Independence Day
Mike & Dave Need Wedding Dates,20th Century Fox,Zany Comedy,R,7/8/2016,1,Fri,3277,394,653,59,459,10053,100793,330406,780556,13311122,2982,16628170,
The Secret Life of Pets,Universal,Family,PG,7/8/2016,1,Fri,NA,NA,NA,NA,NA,NA,633572,391905,NA,NA,4370,104352905,
The Infiltrator,Broad Green Pictures,Human Interest Drama,R,7/13/2016,1,Wed,1607,190,136,15,80,2648,157104,131875,256724,10427298,1601,5303775,
Ghostbusters (2016),Sony Pictures,Zany Comedy,PG-13,7/15/2016,1,Fri,63713,6536,7667,514,5655,125126,618156,1290657,2391705,66525778,3963,46018755,
Ice Age: Collision Course,20th Century Fox,Family,PG,7/22/2016,1,Fri,5953,731,719,64,1640,9119,296052,585233,1134641,39815397,3992,21373064,
Lights Out,Warner Bros.,Horror,PG-13,7/22/2016,1,Fri,4647,1496,392,396,398,5994,291902,325830,743433,23393580,2818,21688103,
Star Trek Beyond,Paramount,Action Adventure,PG-13,7/22/2016,1,Fri,55034,5632,4546,338,2517,82423,339741,1142190,2108128,49583396,3928,59253211,
Nerve,Lionsgate Films,Suspense/Thriller,PG-13,7/27/2016,1,Wed,8752,1244,589,367,1554,12384,76101,216912,480296,31529777,2538,9445456,
Bad Moms,STX Entertainment,Human Interest Comedy,R,7/29/2016,1,Fri,4762,999,1216,132,825,12864,574725,242105,512768,45531218,3215,23817340,
Jason Bourne,Universal,Action Drama,PG-13,7/29/2016,1,Fri,27186,2818,1075,169,729,34826,396439,880571,1719923,43775704,4026,59215365,
Nine Lives (2016),EuropaCorp USA,Family,PG,8/5/2016,1,Fri,1867,121,192,33,2337,4660,18423,129866,236024,3066414,2264,6249915,
Suicide Squad,Warner Bros.,Action Adventure,PG-13,8/5/2016,1,Fri,184774,25792,7908,3764,38890,416612,603066,3554537,7637809,343697933,4255,133682248,
Florence Foster Jenkins,Paramount,Human Interest Drama,PG-13,8/12/2016,1,Fri,1986,174,365,21,423,2443,48507,229042,492615,4379467,1528,6601313,
Pete's Dragon (2016),Disney,Family,PG,8/12/2016,1,Fri,5287,667,241,42,668,10458,184401,269285,474795,15169081,3702,21514095,
Sausage Party,Sony Pictures,Zany Comedy,R,8/12/2016,1,Fri,10659,2209,1880,424,836,20782,773279,725777,1538795,53350420,3103,34263534,
Ben-Hur (2016),Paramount,Action Drama,PG-13,8/19/2016,1,Fri,4165,457,312,33,431,4867,190290,489913,950050,23769146,3084,11203815,
Kubo and the Two Strings,Focus Features,Family,PG,8/19/2016,1,Fri,5440,872,468,62,677,8869,65556,261625,493295,23582752,3260,12608372,
War Dogs (2016),Warner Bros.,Human Interest Comedy,R,8/19/2016,1,Fri,2912,458,275,46,884,8857,87113,498489,1166626,30650845,3258,14685305,
Don't Breathe,Sony Pictures,Horror,R,8/26/2016,1,Fri,5088,1657,216,376,1000,8939,314358,305946,749045,23818766,3051,26411706,
Hands of Stone,The Weinstein Company,Human Interest Drama,R,8/26/2016,1,Fri,2402,262,180,41,413,5820,93903,176461,406121,8054023,810,1751388,
Mechanic: Resurrection,Lionsgate Films,Action Drama,R,8/26/2016,1,Fri,3140,140,118,1,242,2920,191009,267172,479458,16196527,2258,7456525,
Southside with You,Roadside Attractions,Romantic Drama,PG-13,8/26/2016,1,Fri,NA,NA,NA,NA,NA,NA,81294,57219,NA,NA,813,2868403,
Morgan,20th Century Fox,Suspense/Thriller,R,9/2/2016,1,Fri,NA,NA,NA,NA,NA,NA,32088,234391,NA,NA,2020,2012709,Labor Day
The Light Between Oceans,Disney,Human Interest Drama,PG-13,9/2/2016,1,Fri,2406,245,172,23,152,3344,53104,271481,595294,1971809,1500,4765838,Labor Day
Sully,Warner Bros.,Human Interest Drama,PG-13,9/9/2016,1,Fri,7021,1006,704,63,621,8398,137122,530350,1212934,17382294,3525,35028301,
The Disappointments Room,Relativity Media,Suspense/Thriller,R,9/9/2016,1,Fri,494,44,44,7,11,673,56737,110927,304998,3900010,1554,1402823,
The Wild Life (2016),Lionsgate Films,Family,PG,9/9/2016,1,Fri,1398,42,166,7,3959,5533,13241,40279,71497,1537808,2493,3342697,
When the Bough Breaks,Sony Pictures,Suspense/Thriller,PG-13,9/9/2016,1,Fri,3034,937,114,107,1096,6501,240167,101811,287722,15163882,2246,14202323,
Blair Witch,Lionsgate Films,Horror,R,9/16/2016,1,Fri,11708,1304,665,313,1463,17897,94524,271019,599723,19171501,3121,9576057,
Bridget Jones's Baby,Universal,Romantic Comedy,R,9/16/2016,1,Fri,6359,751,643,45,2195,12909,131417,303523,742405,15137032,2927,8571785,
Snowden,Open Road Films,Human Interest Drama,R,9/16/2016,1,Fri,14311,1175,671,63,1019,27408,55681,398509,710779,20250536,2443,8000058,
Storks,Warner Bros.,Family,PG,9/23/2016,1,Fri,2883,468,330,24,3318,7057,161915,227808,391649,28327687,3922,21311407,
The Magnificent Seven (2016),Sony Pictures,Action Drama,PG-13,9/23/2016,1,Fri,10513,1370,546,35,813,12569,481993,722455,1393123,39638826,3674,34703397,
Deepwater Horizon,Lionsgate Films,Action Drama,PG-13,9/30/2016,1,Fri,10158,1035,96,83,2855,25589,93899,306974,708600,12117914,3259,20223544,
Masterminds (2016),Relativity Media,Zany Comedy,PG-13,9/30/2016,1,Fri,1123,125,169,19,263,2513,99319,205723,397277,11225368,3042,6541205,
Miss Peregrine's Home for Peculiar Children,20th Century Fox,Action Adventure,PG-13,9/30/2016,1,Fri,7223,1001,334,57,1669,14756,177650,412229,786027,25756110,3522,28871140,
Queen of Katwe,Disney,Human Interest Drama,PG,9/30/2016,1,Fri,4828,631,418,22,997,17189,56770,180585,359350,3822548,1242,2495427,
Middle School: The Worst Years of My Life,Lionsgate Films,Family,PG,10/7/2016,1,Fri,451,47,52,0,115,740,24949,80214,NA,NA,2822,6878437,
The Birth of a Nation,Fox Searchlight Pictures,Human Interest Drama,R,10/7/2016,1,Fri,11680,1227,161,64,258,22323,14577,428613,862455,5269767,2105,7004254,
The Girl on the Train (2016),Universal,Suspense/Thriller,R,10/7/2016,1,Fri,16512,1910,560,97,2635,23132,73285,591347,1320702,13924250,3144,24536265,
Max Steel,Open Road Films,Action Adventure,PG-13,10/14/2016,1,Fri,993,77,48,3,133,839,656,142927,243336,22648886,2034,2182216,
The Accountant,Warner Bros.,Suspense/Thriller,R,10/14/2016,1,Fri,7343,398,101,20,275,9094,7515,381388,740474,17630243,3332,24710273,
I'm Not Ashamed,Pure Flix Entertainment,Human Interest Drama,PG-13,10/21/2016,1,Fri,112,19,2,0,10,236,258957,50851,98511,886922,505,927161,
Jack Reacher: Never Go Back,Paramount,Action Drama,PG-13,10/21/2016,1,Fri,13801,1412,488,19,344,11561,136867,371132,711511,39087033,3780,22872490,
Keeping Up with the Joneses,20th Century Fox,Human Interest Comedy,PG-13,10/21/2016,1,Fri,1370,73,91,3,1019,2396,59901,176772,320391,10266465,3022,5461475,
Ouija: Origin of Evil,Universal,Horror,PG-13,10/21/2016,1,Fri,9657,637,260,79,296,11371,137855,193144,339076,19484934,3167,14065500,
Tyler Perry's Boo! A Madea Halloween,Lionsgate Films,Zany Comedy,PG-13,10/21/2016,1,Fri,1659,391,607,43,1208,4718,452662,89620,197660,5718409,2260,28501448,
Inferno,Sony Pictures,Suspense/Thriller,PG-13,10/28/2016,1,Fri,16586,2256,352,45,1263,11159,63695,782496,NA,NA,3576,14860425,
Doctor Strange,Disney,Action Adventure,PG-13,11/4/2016,1,Fri,69901,9203,2998,346,17218,110133,269227,1578916,3178967,89982248,3882,85058311,
Hacksaw Ridge,Lionsgate Films,Action Drama,R,11/4/2016,1,Fri,4024,638,80,27,763,6006,200505,877376,1913770,11521216,2886,15190758,
Trolls,20th Century Fox,Family,PG,11/4/2016,1,Fri,15362,1884,904,30,4895,21847,199046,493100,913439,31057278,4060,46581142,
Almost Christmas,Universal,Human Interest Comedy,PG-13,11/11/2016,1,Fri,2110,360,359,11,1168,5870,213232,62617,138814,6132657,2376,15134235,
Arrival,Paramount,Action Drama,PG-13,11/11/2016,1,Fri,7689,761,145,17,343,8665,65256,673142,1235329,36216014,2317,24074047,
Shut In,EuropaCorp USA,Suspense/Thriller,PG-13,11/11/2016,1,Fri,718,122,19,5,525,1168,56881,109008,247744,1017081,2058,3613567,
Billy Lynn's Long Halftime Walk,Sony Pictures,Human Interest Drama,R,11/18/2016,1,Fri,1543,77,43,16,115,3577,71895,251085,NA,NA,1176,901062,
Bleed for This,Open Road Films,Human Interest Drama,R,11/18/2016,1,Fri,3579,230,47,6,108,3823,56787,244380,650637,5321697,1549,2366810,
Fantastic Beasts and Where to Find Them,Warner Bros.,Action Adventure,PG-13,11/18/2016,1,Fri,22903,3550,293,181,3528,78104,442072,1203314,2610334,81772944,4144,74403387,
The Edge of Seventeen,STX Entertainment,Human Interest Comedy,R,11/18/2016,1,Fri,3592,773,291,99,135,7654,57522,237036,470419,14162807,1945,4754215,
Allied,Paramount,Human Interest Drama,R,11/23/2016,1,Wed,3619,233,48,6,108,3823,66622,429625,858937,29682839,3160,12701743,Thanksgiving
Bad Santa 2,Broad Green Pictures,Human Interest Comedy,R,11/23/2016,1,Wed,4333,412,346,28,329,5955,276137,140831,308055,10852474,2920,6176680,Thanksgiving
Moana,Disney,Family,PG,11/23/2016,1,Wed,33384,5424,1371,332,1211,69799,246509,798729,1465966,84392634,3875,56631401,Thanksgiving
Rules Don't Apply,20th Century Fox,Romantic Drama,PG-13,11/23/2016,1,Wed,2220,228,285,3,239,2166,30272,187503,350728,5475017,2382,1589625,Thanksgiving
Incarnate,High Top Releasing,Horror,PG-13,12/2/2016,1,Fri,730,77,17,12,181,1090,108444,89742,169410,1181847,1737,2534884,
Miss Sloane,EuropaCorp USA,Suspense/Thriller,R,12/9/2016,1,Fri,1788,172,35,6,174,3994,20981,140295,271614,1255309,1648,1844972,
Nocturnal Animals,Focus Features,Suspense/Thriller,R,12/9/2016,1,Fri,6068,748,126,21,50,7661,73597,509504,1180548,20255791,1262,3161381,
Office Christmas Party,Paramount,Zany Comedy,R,12/9/2016,1,Fri,3554,425,456,33,153,6519,238063,231073,460987,12271962,3210,16890204,
Collateral Beauty,Warner Bros.,Human Interest Drama,PG-13,12/16/2016,1,Fri,2669,484,72,38,365,3954,134987,425888,917056,21798142,3028,7102085,
Manchester by the Sea,Roadside Attractions,Human Interest Drama,R,12/16/2016,1,Fri,NA,NA,NA,NA,NA,NA,31138,427827,NA,NA,1208,4244014,
Rogue One: A Star Wars Story,Disney,Action Adventure,PG-13,12/16/2016,1,Fri,226543,24645,11405,1150,27450,414682,308771,2278391,4925689,184115380,4157,155081681,
Assassin's Creed,20th Century Fox,Action Drama,PG-13,12/21/2016,1,Wed,21119,1768,683,110,1232,26653,96116,570175,1060415,66393355,2970,10278225,Christmas
Passengers (2016),Sony Pictures,Action Drama,PG-13,12/21/2016,1,Wed,8549,987,307,43,513,12880,53484,955434,1918435,63447833,3478,14869736,Christmas
Sing (2016),Universal,Family,PG,12/21/2016,1,Wed,8900,1207,446,30,3867,23181,155143,564313,1162678,196925479,4022,35258145,Christmas
Why Him?,20th Century Fox,Human Interest Comedy,R,12/23/2016,1,Fri,4279,408,449,32,406,3732,104533,221055,447456,21661676,2917,11002986,Christmas
Fences,Paramount,Human Interest Drama,PG-13,12/25/2016,1,Sun,4794,1079,114,112,190,9998,82337,290176,NA,NA,2233,11613765,Christmas
La La Land,Lionsgate Films,Romantic Drama,PG-13,12/25/2016,1,Sun,14932,2295,385,164,694,22296,55014,729597,1359705,20069726,734,9242782,Christmas
A Monster Calls,Focus Features,Human Interest Drama,PG-13,1/6/2017,1,Fri,3630,429,68,14,218,4412,49399,277603,NA,NA,1523,2080051,
Hidden Figures,20th Century Fox,Human Interest Drama,PG,1/6/2017,1,Fri,17050,3602,314,139,450,40633,571570,492974,1115678,10652171,2471,22800057,
Underworld: Blood Wars,Sony Pictures,Horror,R,1/6/2017,1,Fri,10381,1080,385,45,1554,8517,451346,604019,1339502,36386721,3070,13688751,
Live by Night,Warner Bros.,Suspense/Thriller,R,1/13/2017,1,Fri,2897,308,70,8,159,4024,24441,393352,842846,13891569,2822,5106046,Martin Luther King Jr. Day
Monster Trucks,Paramount,Family,PG,1/13/2017,1,Fri,2442,220,110,10,98,3198,33261,201075,383480,17197086,3119,10950705,Martin Luther King Jr. Day
Patriots Day,Lionsgate Films,Human Interest Drama,R,1/13/2017,1,Fri,1947,373,28,21,29,3898,168640,298514,594625,15528061,3120,11613765,Martin Luther King Jr. Day
Silence (2016),Paramount,Human Interest Drama,R,1/13/2017,1,Fri,4074,275,89,2,112,4886,40842,771804,1458113,8622431,747,1984530,Martin Luther King Jr. Day
Sleepless,Open Road Films,Action Drama,R,1/13/2017,1,Fri,1654,343,45,24,313,2699,54920,87651,189586,8611502,1803,8344128,Martin Luther King Jr. Day
The Bye Bye Man,STX Entertainment,Horror,PG-13,1/13/2017,1,Fri,5941,975,400,211,81,5841,308494,154890,375601,18283272,2220,13501349,Martin Luther King Jr. Day
The Founder,The Weinstein Company,Human Interest Drama,PG-13,1/19/2017,1,Thu,819,85,10,2,142,1085,4460,250767,516736,5179489,1115,3404102,
20th Century Women,A24 Films,Human Interest Drama,R,1/20/2017,1,Fri,2334,146,114,3,94,3080,80850,138450,226131,5092201,650,1385337,
Split (2017),Universal,Suspense/Thriller,PG-13,1/20/2017,1,Fri,6791,1730,322,147,142,8227,322374,772268,1983016,36273522,3038,40010975,
The Resurrection of Gavin Stone,OTL Releasing,Human Interest Drama,PG,1/20/2017,1,Fri,712,150,91,9,164,1726,270495,72723,NA,NA,890,1206771,
xXx: Return of Xander Cage,Paramount,Action Adventure,PG-13,1/20/2017,1,Fri,11014,883,293,37,236,14528,340321,895203,3347897,61729116,3651,20130142,
A Dog's Purpose,Universal,Family,PG,1/27/2017,1,Fri,13690,1413,1264,255,2063,36777,17595,256630,549662,13847873,3058,18222810,
Gold (2017),The Weinstein Company,Human Interest Drama,R,1/27/2017,1,Fri,2128,164,35,9,32,1891,7204,301496,614301,5756155,2166,3471316,
Resident Evil: The Final Chapter,Sony Pictures,Action Drama,R,1/27/2017,1,Fri,13213,973,602,95,1531,11422,431909,597654,1243989,46513913,3104,13601682,
Rings,Paramount,Horror,PG-13,2/3/2017,1,Fri,6006,634,287,34,442,11156,1373026,461132,1088667,42847473,2931,13002632,
The Comedian (2017),Sony Pictures Classics,Human Interest Comedy,R,2/3/2017,1,Fri,NA,NA,NA,NA,NA,NA,5424,NA,NA,NA,848,878164,
The Space Between Us,STX Entertainment,Romantic Drama,PG-13,2/3/2017,1,Fri,4816,665,124,69,991,8503,184001,303687,622214,14598978,2812,3775596,
Fifty Shades Darker,Universal,Romantic Drama,R,2/10/2017,1,Fri,67323,10270,3847,1512,7252,164929,1326271,526328,1256657,161255592,3710,46607250,
John Wick: Chapter 2,Lionsgate Films,Action Drama,R,2/10/2017,1,Fri,22572,2773,1173,133,2592,31055,256374,461238,931825,42881236,3113,30436123,
The LEGO Batman Movie,Warner Bros.,Family,PG,2/10/2017,1,Fri,35306,4474,2743,149,2896,33830,171322,468285,897363,73120731,4088,53003468,
A Cure for Wellness,20th Century Fox,Suspense/Thriller,R,2/17/2017,1,Fri,10564,516,52,44,280,11948,38228,434641,1048691,30067990,2704,4356941,President's Day
Fist Fight,Warner Bros.,Human Interest Comedy,R,2/17/2017,1,Fri,3378,390,428,18,317,4163,68284,144248,308839,20030137,3185,12201873,President's Day
The Great Wall,Universal,Action Adventure,PG-13,2/17/2017,1,Fri,11050,1155,518,58,184,8822,57686,802942,1825218,38773546,3326,18469620,President's Day
Collide,Open Road Films,Action Drama,PG-13,2/24/2017,1,Fri,727,59,25,1,76,806,275,119255,218509,3764134,2045,1512824,
Get Out,Universal,Horror,R,2/24/2017,1,Fri,2145,545,193,19,155,5659,79376,691344,1984304,8693949,2781,33377060,
Rock Dog,Lionsgate Films,Family,PG,2/24/2017,1,Fri,555,83,15,2,1288,1899,13219,77550,137993,5170138,2077,3704749,
Before I Fall,Open Road Films,Human Interest Drama,PG-13,3/3/2017,1,Fri,2728,652,66,47,1162,5339,10186,119771,268009,9552874,2346,4690214,
Logan,20th Century Fox,Action Drama,R,3/3/2017,1,Fri,85249,6375,3426,355,2236,125695,555090,2033747,4441208,148719213,4071,88411916,
The Shack,Lionsgate Films,Human Interest Drama,PG-13,3/3/2017,1,Fri,4453,519,90,15,555,5468,555761,135832,323747,11375768,2888,16172119,
Kong: Skull Island,Warner Bros.,Action Adventure,PG-13,3/10/2017,1,Fri,15807,1895,497,85,1069,31199,197176,865625,1787784,121262411,3846,61025472,
Beauty and the Beast (2017),Disney,Family,PG,3/17/2017,1,Fri,48342,7715,547,81,3138,107616,1265087,1434392,2932658,187778594,4210,174750616,
The Belko Experiment,OTL Releasing,Horror,R,3/17/2017,1,Fri,2010,380,77,37,289,3354,88609,248038,621911,12903508,1341,4137230,
CHiPs (2017),Warner Bros.,Action Comedy,R,3/24/2017,1,Fri,2169,231,308,4,323,2679,88211,178242,361165,13635122,2464,7722802,
Life (2017),Sony Pictures,Suspense/Thriller,R,3/24/2017,1,Fri,4478,188,315,4,427,9072,34805,571233,1238955,56951870,3146,12501936,
Power Rangers,Lionsgate Films,Family,PG-13,3/24/2017,1,Fri,31437,5085,1305,200,5491,58297,142068,1119055,2299453,111304072,3693,40300288,
Ghost in the Shell (2017),Paramount,Action Drama,PG-13,3/31/2017,1,Fri,31862,2006,817,84,580,61951,122320,1022501,1879513,135965733,3440,18676033,
The Boss Baby,20th Century Fox,Family,PG,3/31/2017,1,Fri,8389,748,834,43,575,7897,238301,360425,759381,212647533,3773,50198902,
Gifted (2017),Fox Searchlight Pictures,Human Interest Drama,PG-13,4/12/2017,1,Wed,2775,295,97,7,720,4973,89168,211207,420508,12448614,1146,3079308,
Going in Style (2017),Warner Bros.,Human Interest Comedy,PG-13,4/7/2017,1,Fri,1785,204,233,2,565,2271,129794,128917,255508,10362237,3061,11932330,
Smurfs: The Lost Village,Sony Pictures,Family,PG,4/7/2017,1,Fri,3475,375,259,14,1347,8359,91783,230858,446731,41221381,3610,13210449,
The Case for Christ,Pure Flix Entertainment,Human Interest Drama,PG,4/7/2017,1,Fri,1584,213,17,8,129,3169,30380,34099,76623,362984,1174,3967885,
The Fate of the Furious,Universal,Action Adventure,PG-13,4/14/2017,1,Fri,28810,3182,1031,85,12260,61739,643196,1291552,3246643,184058562,4310,98786705,
Phoenix Forgotten,Cinelou Films,Horror,PG-13,4/21/2017,1,Fri,466,78,13,3,45,626,130212,17796,49439,9398529,1633,1816499,
The Promise (2017),Open Road Films,Romantic Drama,PG-13,4/21/2017,1,Fri,3260,309,66,3,264,3678,137731,180920,429904,10733523,2251,4095718,
Unforgettable (2017),Warner Bros.,Suspense/Thriller,R,4/21/2017,1,Fri,586,108,22,3,1000,2103,153880,118381,274953,10093369,2417,4785431,
How to be a Latin Lover,Lionsgate Films,Human Interest Comedy,PG-13,4/28/2017,1,Fri,445,34,66,1,61,768,121953,61304,130208,8283264,1118,12252439,
The Circle (2017),STX Entertainment,Suspense/Thriller,PG-13,4/28/2017,1,Fri,5388,387,257,22,1063,9637,50052,519327,1014721,20385763,3163,9034148,
Guardians of the Galaxy Vol. 2,Disney,Action Adventure,PG-13,5/5/2017,1,Fri,93114,10079,4739,297,13260,154510,323877,1761102,3779640,245668584,4347,146510104,
King Arthur: Legend of the Sword,Warner Bros.,Action Adventure,PG-13,5/12/2017,1,Fri,5633,640,164,11,789,6820,159071,512245,966029,56931589,3702,15371270,
Snatched,20th Century Fox,Human Interest Comedy,R,5/12/2017,1,Fri,2112,261,272,7,356,3287,112590,147637,323127,21965556,3501,19542248,
Alien: Covenant,20th Century Fox,Horror,R,5/19/2017,1,Fri,34734,3151,1110,86,2258,47712,281261,2102349,4401120,112024261,3761,36160621,
Diary of a Wimpy Kid: The Long Haul,20th Century Fox,Family,PG,5/19/2017,1,Fri,6569,349,461,7,1133,8236,35390,155464,387915,10075340,3157,7126084,
"Everything, Everything",Warner Bros.,Romantic Drama,PG-13,5/19/2017,1,Fri,6250,1702,165,273,2069,11166,669619,227319,632832,12636572,2801,11727390,
Baywatch,Paramount,Action Comedy,R,5/25/2017,1,Thu,10397,1106,880,46,1842,21061,117649,668631,1403279,93331112,3647,18503871,Memorial Day
Pirates of the Caribbean: Dead Men Tell No Tales,Disney,Action Adventure,PG-13,5/26/2017,1,Fri,55143,4780,1521,164,4950,88214,677578,1544638,3389494,189790761,4276,62983253,Memorial Day
Captain Underpants: The First Epic Movie,20th Century Fox,Family,PG,6/2/2017,1,Fri,1955,370,209,31,642,6331,40355,330045,589773,22981472,3434,23851539,
Wonder Woman,Warner Bros.,Action Adventure,PG-13,6/2/2017,1,Fri,129183,13756,5643,401,19357,214256,249298,1259896,2648091,165317253,4165,103251471,
It Comes at Night,A24 Films,Horror,R,6/9/2017,1,Fri,3323,530,75,78,1183,5463,367022,250793,555979,20195908,2533,5988370,
The Mummy (2017),Universal,Action Adventure,PG-13,6/9/2017,1,Fri,20042,1651,1482,79,826,23314,124134,1213170,2722586,137880046,4035,31668375,
Megan Leavey,Fox Searchlight Pictures,Human Interest Drama,PG-13,6/9/2017,1,Fri,800,130,15,5,78,1318,51604,119554,248144,13632350,1956,3810867,
47 Meters Down,Entertainment Studios Motion Pictures,Suspense/Thriller,PG-13,6/16/2017,1,Fri,1788,338,107,42,190,2336,152067,176253,430874,5413977,2270,11205562,
Cars 3,Disney,Family,G,6/16/2017,1,Fri,30013,4803,1400,306,1548,44645,200375,659964,1325682,193416315,4256,53688680,
Rough Night,Sony Pictures,Human Interest Comedy,R,6/16/2017,1,Fri,3492,370,423,7,516,3126,74445,246010,509581,36541743,3162,8004283,
All Eyez on Me,Lionsgate Films,Human Interest Drama,R,6/16/2017,1,Fri,11516,2044,468,369,651,20277,74418,296906,782614,13950395,2471,26435354,
Transformers: The Last Knight,Paramount,Action Adventure,PG-13,6/21/2017,1,Wed,47096,4149,1250,268,937,46308,389982,1398603,3109669,215552840,4069,44680073,
Baby Driver,Sony Pictures,Action Drama,R,6/28/2017,1,Wed,14719,2508,482,134,1186,21945,35516,457186,902604,40057587,3226,20553320,
Despicable Me 3,Universal,Family,PG,6/30/2017,1,Fri,17345,2709,1754,139,2911,17284,170954,460496,994632,267709784,4529,72434025,
The House (2017),Warner Bros.,Human Interest Comedy,R,6/30/2017,1,Fri,3066,165,342,14,2324,5804,13411,151856,302374,1443348,3134,8724795,
Spider-Man: Homecoming,Columbia Pictures,Action Adventure,PG-13,7/7/2017,1,Fri,94301,13602,5816,221,10321,78542,500812,1596493,3409315,309746920,4348,117027503,
The Big Sick,Lionsgate Films,Romantic Comedy,R,7/14/2017,1,Fri,6524,997,971,40,125,7766,65857,294034,635327,7172701,2597,7529590,
War for the Planet of the Apes,20th Century Fox,Action Drama,PG-13,7/14/2017,1,Fri,33088,3560,2129,185,998,38324,329120,749984,1692949,88792627,4022,56262929,
Wish Upon,Broad Green Pictures,Horror,PG-13,7/14/2017,1,Fri,2225,417,96,73,325,3538,54069,107677,241011,33158779,2250,5467084,
Dunkirk,Warner Bros.,Action Drama,PG-13,7/21/2017,1,Fri,56944,5606,1654,214,1336,92057,169871,1333901,2880450,79453849,3720,50513488,
Girls Trip,Universal,Human Interest Comedy,R,7/21/2017,1,Fri,5608,1294,766,80,1949,13615,238402,93931,248378,7815227,2591,31201920,
Valerian and the City of a Thousand Planets,STX Entertainment,Action Adventure,PG-13,7/21/2017,1,Fri,17393,2184,434,66,2177,18621,129389,665986,1261196,50653563,3553,17007624,
Atomic Blonde,Focus Features,Suspense/Thriller,R,7/28/2017,1,Fri,12442,1750,347,77,486,13671,370067,487223,954221,36699463,3304,18286420,
The Emoji Movie,Sony Pictures,Family,PG,7/28/2017,1,Fri,19458,1608,2262,179,944,25579,44509,498810,909067,82795467,4075,24531923,
Kidnap (2017-I),Aviron Pictures,Suspense/Thriller,R,8/4/2017,1,Fri,1531,286,56,13,710,2314,98003,112515,433249,10195118,2378,10016323,
The Dark Tower,Sony Pictures,Action Adventure,PG-13,8/4/2017,1,Fri,14759,1546,314,38,1140,15147,204489,584861,1148278,2526574,3451,19153698,
Detroit (2017),Lionsgate Films,Human Interest Drama,R,8/4/2017,1,Fri,5740,683,131,15,428,8566,85504,363076,1162753,2364129,3007,7125601,
Annabelle: Creation,Warner Bros.,Horror,R,8/11/2017,1,Fri,11301,1197,564,90,231,3800,487509,347452,868622,59959865,3502,35006404,
The Nut Job 2: Nutty by Nature,Open Road Films,Family,PG,8/11/2017,1,Fri,1254,140,79,4,441,1610,27466,96106,180813,29089498,4003,8342311,
The Glass Castle,Annapurna Pictures,Human Interest Drama,R,8/11/2017,1,Fri,2442,345,39,14,205,2421,93681,98034,214108,2921485,1461,4678548,
Logan Lucky,Bleecker Street Media,Action Comedy,PG-13,8/18/2017,1,Fri,4787,433,279,11,201,5137,102399,314181,620235,40232285,3031,7600036,
The Hitman's Bodyguard,Lionsgate Films,Action Comedy,R,8/18/2017,1,Fri,3508,417,382,12,472,4608,132391,223132,440791,23656453,3377,21384504,
All Saints,Sony Pictures,Human Interest Drama,PG,8/25/2017,1,Fri,587,99,11,0,411,933,99002,NA,NA,1345286,846,1514278,
Birth of the Dragon,OTL Releasing,Action Drama,PG-13,8/25/2017,1,Fri,525,61,15,4,69,707,274209,93289,242205,42542099,1618,2702430,
Leap!,The Weinstein Company,Family,PG,8/25/2017,1,Fri,1347,150,54,2,91,1429,69732,221258,484420,34423390,2575,4730038,
Tulip Fever,The Weinstein Company,Romantic Drama,R,9/1/2017,1,Fri,NA,NA,NA,NA,NA,NA,27604,186976,348614,11223365,765,1158017,Labor Day
Home Again (2017),Open Road Films,Romantic Comedy,PG-13,9/8/2017,1,Fri,1387,193,79,6,177,1276,88792,155130,400155,15747564,2940,8567881,
It,Warner Bros.,Horror,R,9/8/2017,1,Fri,29604,4609,1863,403,4033,37535,579179,1674668,4182339,103914456,4103,123403419,
American Assassin,Lionsgate Films,Action Drama,R,9/15/2017,1,Fri,12507,1721,367,59,1853,27154,108784,301854,632067,23334775,3154,14846778,
mother!,Paramount,Suspense/Thriller,R,9/15/2017,1,Fri,7551,642,237,12,266,7371,50618,828582,2079067,37390441,2368,7534673,
Friend Request,Entertainment Studios Motion Pictures,Suspense/Thriller,R,9/22/2017,1,Fri,955,62,53,0,55,798,NA,69771,200840,7381051,2573,2002863,
Kingsman: The Golden Circle,20th Century Fox,Action Drama,R,9/22/2017,1,Fri,33540,3692,1514,259,902,48279,225764,875346,1910692,90107433,4003,39023010,
The LEGO Ninjago Movie,Warner Bros.,Family,PG,9/22/2017,1,Fri,5475,826,290,13,965,3600,49473,250778,473747,52889136,4047,20433071,
American Made,Universal,Action Drama,R,9/29/2017,1,Fri,4562,513,128,19,321,4004,21086,530983,1268374,29005094,3024,16776390,
Flatliners (2017),Sony Pictures,Suspense/Thriller,PG-13,9/29/2017,1,Fri,2193,219,68,10,36,1272,62188,346894,810432,19061135,2552,6574326,
Blade Runner 2049,Warner Bros.,Action Drama,R,10/6/2017,1,Fri,62965,5713,1536,144,1016,61367,65061,1182649,2210418,98396048,4058,32753122,
My Little Pony: The Movie (2017),Lionsgate Films,Family,PG,10/6/2017,1,Fri,9466,1316,457,220,1522,11667,47272,285247,490777,6816245,2528,8885899,
The Mountain Between Us,20th Century Fox,Human Interest Drama,PG-13,10/6/2017,1,Fri,2511,319,66,5,951,4082,153372,172085,395213,14691816,3088,10551336,
Happy Death Day,Universal,Horror,PG-13,10/13/2017,1,Fri,5097,1154,282,210,137,5289,178623,288083,705436,29395351,3149,26039025,
Marshall,Open Road Films,Human Interest Drama,PG-13,10/13/2017,1,Fri,3082,502,564,9,1241,5911,53786,120786,251514,5191400,821,3000805,
The Foreigner,STX Entertainment,Action Drama,R,10/13/2017,1,Fri,5847,671,164,19,140,2756,100839,329298,670636,34711680,2515,13113024,
Geostorm,Warner Bros.,Action Adventure,PG-13,10/20/2017,1,Fri,4406,529,157,36,252,4253,174098,295567,644752,32535358,3246,13707376,
Only the Brave (2017),Sony Pictures,Human Interest Drama,PG-13,10/20/2017,1,Fri,2033,277,48,9,157,1688,27926,172838,430881,5207655,2577,6002665,
Same Kind of Different as Me,Pure Flix Entertainment,Human Interest Drama,PG-13,10/20/2017,1,Fri,730,122,14,2,161,808,70815,43711,88512,1013789,1362,2591985,
The Snowman,Universal,Suspense/Thriller,R,10/20/2017,1,Fri,8763,278,546,43,317,6396,33200,479885,1058293,27759555,1812,3372565,
Tyler Perry's Boo 2! A Madea Halloween,Lionsgate Films,Zany Comedy,PG-13,10/20/2017,1,Fri,917,113,2677,2,4547,7430,286957,50963,128320,9256537,2388,21226953,
Jigsaw,Lionsgate Films,Horror,R,10/27/2017,1,Fri,8343,1141,337,64,5678,13913,385597,585101,1422758,29955345,2941,16640452,
Suburbicon,Paramount,Human Interest Comedy,R,10/27/2017,1,Fri,3497,148,203,8,300,2527,12502,265237,522064,8392939,2046,2840246,
Thank You for Your Service (2017),Universal,Human Interest Drama,PG-13,10/27/2017,1,Fri,1114,178,14,11,217,2190,161107,153664,321025,13855201,2054,3817700,
A Bad Moms Christmas,STX Entertainment,Human Interest Comedy,R,11/1/2017,1,Wed,7138,1228,663,21,738,5208,392606,118866,286270,19735308,3615,16759161,
Thor: Ragnarok,Disney,Action Adventure,PG-13,11/3/2017,1,Fri,113881,14215,7412,318,23108,131419,169064,1706542,3924034,267939681,4080,122744989,
Daddy's Home 2,Paramount,Human Interest Comedy,PG-13,11/10/2017,1,Fri,5822,828,541,27,292,3167,161802,228863,542281,33306242,3575,29651193,
Murder on the Orient Express (2017),20th Century Fox,Suspense/Thriller,PG-13,11/10/2017,1,Fri,12917,1631,538,84,519,11019,118681,652961,1404537,31694131,3341,28681472,
Justice League,Warner Bros.,Action Adventure,PG-13,11/17/2017,1,Fri,274285,30049,13974,821,22346,231984,345636,2044528,4709417,342251729,4051,93842239,
The Star,Sony Pictures,Family,PG,11/17/2017,1,Fri,1306,216,73,2,220,3484,147510,184568,343680,7425270,2837,9812674,
Wonder,Lionsgate Films,Human Interest Drama,PG,11/17/2017,1,Fri,3641,725,73,32,172,8650,221757,323864,917441,26184493,3096,27547866,
Coco (2017),Disney,Family,PG,11/22/2017,1,Wed,17061,2861,661,73,806,28675,149183,514437,1031230,65975304,3987,50802605,Thanksgiving
Just Getting Started,Broad Green Pictures,Human Interest Comedy,PG-13,12/8/2017,1,Fri,357,33,17,0,168,1427,98915,41312,73844,5162655,2161,3201459,
The Disaster Artist,A24 Films,Human Interest Comedy,R,12/8/2017,1,Fri,14531,1835,1608,118,91,22868,140569,1169289,2266854,44570893,840,6366243,
Star Wars: The Last Jedi,Disney,Action Adventure,PG-13,12/15/2017,1,Fri,491105,49172,22368,1152,58943,575702,293076,2130879,4633022,218527497,4232,220009584,
Ferdinand,20th Century Fox,Family,PG,12/15/2017,1,Fri,3928,353,167,13,854,4428,104022,239198,471019,43418890,3621,13401586,
The Greatest Showman,20th Century Fox,Human Interest Drama,PG,12/20/2017,1,Wed,9355,1732,230,63,497,13868,107955,443156,1014329,36806939,3006,8805843,Christmas
Jumanji: Welcome to the Jungle,Sony Pictures,Family,PG-13,12/20/2017,1,Wed,22195,2428,2071,68,337,23346,73693,630262,1375076,93152335,3765,36169328,Christmas
Downsizing,Paramount,Human Interest Comedy,R,12/22/2017,1,Fri,4254,303,274,10,151,4836,18407,403803,817576,29940438,2668,4954287,Christmas
Father Figures,Warner Bros.,Human Interest Comedy,R,12/22/2017,1,Fri,600,41,35,0,60,629,63828,99924,212092,16229707,2902,3287451,Christmas
Pitch Perfect 3,Universal,Human Interest Comedy,PG-13,12/22/2017,1,Fri,30830,3754,1684,158,891,21523,184648,297898,733129,79626421,3447,19928525,Christmas
All the Money in the World,Sony Pictures,Human Interest Drama,R,12/25/2017,1,Mon,3634,164,73,1,90,4153,10411,510327,1121173,11557618,2074,2565393,Christmas
Insidious: The Last Key,Universal,Horror,PG-13,1/5/2018,1,Fri,7480,1413,315,409,187,5705,279944,246541,636863,31102739,3116,29581355,
Molly's Game,STX Entertainment,Human Interest Drama,R,1/5/2018,1,Fri,4222,466,177,4,127,3797,1200,461987,1017395,9399140,1608,6856578,
The Commuter,Lionsgate Films,Suspense/Thriller,PG-13,1/12/2018,1,Fri,1853,156,55,4,168,1334,34189,178850,387398,11603183,2892,13701452,Martin Luther King Jr. Day
Paddington 2,Warner Bros.,Family,PG,1/12/2018,1,Fri,5763,658,424,28,2296,6460,67439,219052,473608,11352137,3702,11001961,Martin Luther King Jr. Day
The Post,20th Century Fox,Human Interest Drama,PG-13,1/12/2018,1,Fri,10833,844,286,15,138,14701,75778,708356,1650178,24726811,2819,19361968,Martin Luther King Jr. Day
Proud Mary,Sony Pictures,Action Drama,R,1/12/2018,1,Fri,3904,798,142,85,846,8102,150833,57782,139097,4253006,2125,9959053,Martin Luther King Jr. Day
12 Strong,Warner Bros.,Human Interest Drama,R,1/19/2018,1,Fri,2922,456,137,9,1696,5283,108033,315312,922733,12929165,3002,15815025,
Den of Thieves,STX Entertainment,Action Drama,R,1/19/2018,1,Fri,3476,575,215,35,235,3793,142907,103273,254481,17726877,2432,15206108,
Hostiles,Entertainment Studios Motion Pictures,Action Drama,R,1/26/2018,1,Fri,2210,178,41,3,68,2544,11643,312326,688351,3755945,2816,10110739,
Maze Runner: The Death Cure,20th Century Fox,Suspense/Thriller,PG-13,1/26/2018,1,Fri,33430,3763,2503,79,8499,95486,96896,378678,887373,53046965,3787,24167011,
Winchester,Lionsgate Films,Suspense/Thriller,PG-13,2/2/2018,1,Fri,923,135,23,8,32,1260,234547,136960,327515,14766447,2480,9307626,
The 15:17 to Paris,Warner Bros.,Human Interest Drama,PG-13,2/9/2018,1,Fri,1515,227,50,36,159,1322,158245,361528,1165498,4166821,3042,12554286,
Fifty Shades Freed,Universal,Romantic Drama,R,2/9/2018,1,Fri,62864,7163,1480,402,2571,54813,921074,352551,1027014,104627861,3768,38560195,
Peter Rabbit,Sony Pictures,Family,PG,2/9/2018,1,Fri,7318,937,380,25,153,3537,76849,268028,538360,17117424,3725,25010928,
Samson,Pure Flix Entertainment,Human Interest Drama,PG-13,2/16/2018,1,Fri,650,89,30,1,97,863,57610,52385,108473,12350526,1249,1943569,President's Day
Black Panther,Disney,Action Adventure,PG-13,2/16/2018,1,Fri,293955,40993,21420,2117,13891,493006,92691,1879374,4541747,151460093,4020,202003951,President's Day
Early Man,Lionsgate Films,Family,PG,2/16/2018,1,Fri,4123,239,218,2,1592,6973,2904,190145,363576,18063877,2494,3190525,President's Day
Annihilation,Paramount,Suspense/Thriller,R,2/23/2018,1,Fri,11724,628,173,12,155,11920,37422,582887,1173246,39718489,2012,11071584,
Every Day (2018),Orion Distribution Company,Romantic Drama,PG-13,2/23/2018,1,Fri,2409,193,141,9,988,4305,114846,107829,282950,3219780,1667,3016149,
Game Night,Warner Bros.,Human Interest Comedy,R,2/23/2018,1,Fri,1816,209,328,8,244,2036,39545,179294,381245,16813572,3488,17005332,
Death Wish (2018),MGM Studios,Action Drama,R,3/2/2018,1,Fri,2151,228,69,8,464,2354,167906,224656,512750,15354481,2847,13010267,
Red Sparrow,20th Century Fox,Suspense/Thriller,R,3/2/2018,1,Fri,5780,444,226,12,821,7801,34944,543046,1146706,77562008,3056,16853422,
Gringo,STX Entertainment,Action Comedy,R,3/9/2018,1,Fri,1241,102,150,2,139,1355,22675,151166,315332,17204515,2404,2722420,
Hurricane Heist,Entertainment Studios Motion Pictures,Action Drama,PG-13,3/9/2018,1,Fri,763,73,36,3,25,711,2074,52978,114085,13069321,2402,3024399,
The Strangers: Prey at Night,Aviron Pictures,Horror,R,3/9/2018,1,Fri,2480,419,85,19,708,3005,83935,147315,450092,18082536,2464,10402271,
A Wrinkle in Time (2018),Disney,Action Adventure,PG,3/9/2018,1,Fri,19046,3213,546,88,2062,79418,60555,490349,1001142,20001859,3980,33123609,
I Can Only Imagine,Roadside Attractions,Human Interest Drama,PG,3/16/2018,1,Fri,874,144,18,3,153,1509,669980,52650,180646,1024641,1627,17104797,
"Love, Simon",20th Century Fox,Human Interest Drama,PG-13,3/16/2018,1,Fri,3444,883,325,18,21,1810,96386,367855,933437,34876336,2402,11756244,
Tomb Raider,Warner Bros.,Action Adventure,PG-13,3/16/2018,1,Fri,19130,1884,665,52,2449,16332,70092,503455,1113692,46195034,3854,23633317,
Midnight Sun (2018),Global Road Entertainment,Romantic Drama,PG-13,3/23/2018,1,Fri,2876,365,70,27,333,2484,44640,150129,407808,17248438,2173,4003993,
Pacific Rim: Uprising,Universal,Action Drama,PG-13,3/23/2018,1,Fri,23707,2316,765,54,415,19888,60070,594389,1282138,61897273,3708,28116535,
"Paul, Apostle of Christ",Sony Pictures,Human Interest Drama,PG-13,3/23/2018,1,Fri,603,60,19,3,177,820,451717,51356,105585,4996678,1473,5172585,
Sherlock Gnomes,Paramount,Family,PG,3/23/2018,1,Fri,2269,286,137,6,189,1712,34147,187726,361404,22121187,3662,10604774,
Unsane,Bleecker Street Media,Suspense/Thriller,R,3/23/2018,1,Fri,1988,238,90,23,727,2369,20714,197061,425933,24327594,2023,3762145,
Ready Player One,Warner Bros.,Action Adventure,PG-13,3/29/2018,1,Thu,24719,3483,1074,216,5668,43940,39682,791896,1561161,62764492,4234,41764050,Good Friday
God's Not Dead: A Light in Darkness,Pure Flix Entertainment,Human Interest Drama,PG,3/30/2018,1,Fri,875,130,22,3,67,1456,257545,42431,79162,323962,1693,2689677,
Tyler Perry's Acrimony,Lionsgate Films,Suspense/Thriller,R,3/30/2018,1,Fri,2212,383,65,27,271,3202,344380,63858,211878,6491412,2006,17170707,
Blockers,Universal,Human Interest Comedy,R,4/6/2018,1,Fri,3328,442,687,17,185,4199,68788,202402,503969,16113167,3379,20556350,
Chappaquiddick,Entertainment Studios Motion Pictures,Human Interest Drama,PG-13,4/6/2018,1,Fri,2714,162,148,3,104,4909,19953,144853,347248,7326198,1560,5765854,
The Miracle Season,LD Entertainment,Human Interest Drama,PG,4/6/2018,1,Fri,551,92,8,8,111,725,44859,27849,90291,3025319,1707,3950652,
A Quiet Place,Paramount,Horror,PG-13,4/6/2018,1,Fri,8589,1460,290,60,171,6324,128673,880306,2788254,32846010,3508,50203562,
Blumhouse's Truth or Dare,Universal,Horror,PG-13,4/13/2018,1,Fri,4711,506,249,27,185,4142,59392,272597,718468,27564218,3029,18667855,Friday the 13th
Rampage (2018),Warner Bros.,Action Drama,PG-13,4/13/2018,1,Fri,11147,1074,800,17,658,12866,95223,571474,1346371,59306185,4101,35753093,
Sgt. Stubby: An American Hero,Fun Academy Motion Pictures,Family,PG,4/13/2018,1,Fri,424,87,14,1,152,579,37835,49327,92613,677631,1633,1180939,
I Feel Pretty,STX Entertainment,Human Interest Comedy,PG-13,4/20/2018,1,Fri,6464,1419,849,86,170,2257,187078,126066,296542,46687344,3440,16030218,
Super Troopers 2,Fox Searchlight Pictures,Zany Comedy,R,4/20/2018,1,Fri,5992,728,572,51,76,4676,344434,149282,354178,25805048,2038,15181624,
Traffik,Lionsgate Films,Suspense/Thriller,R,4/20/2018,1,Fri,1759,462,29,4,396,1648,3201,17739,47661,3826883,1046,3941338,
Avengers: Infinity War,Disney,Action Adventure,PG-13,4/27/2018,1,Fri,416210,49859,21893,767,35239,292702,526614,3922295,10028023,748425872,4474,257698183,
Bad Samaritan,Vertical Entertainment,Suspense/Thriller,R,5/4/2018,1,Fri,1160,214,37,8,86,2284,39630,52036,103781,727841,2007,1726868,
Overboard (2018),Lionsgate Films,Romantic Comedy,PG-13,5/4/2018,1,Fri,1705,197,128,6,121,2017,95315,110215,283283,6973215,1623,14711101,
Tully (2018),Focus Features,Human Interest Comedy,R,5/4/2018,1,Fri,2596,284,397,4,223,2733,37481,169018,401333,8474979,1353,3282610,
Breaking In (2018),Universal,Suspense/Thriller,PG-13,5/11/2018,1,Fri,1199,223,40,15,665,4331,62220,72650,206145,9756066,2537,17630285,
Life of the Party (2018),Warner Bros.,Human Interest Comedy,PG-13,5/11/2018,1,Fri,1521,190,301,3,916,2397,76413,115636,258834,9391369,3656,17886075,
Book Club,Paramount,Human Interest Comedy,PG-13,5/18/2018,1,Fri,1696,377,160,10,99,721,147473,70018,163978,2080357,2781,13582231,
Deadpool 2,20th Century Fox,Action Adventure,R,5/18/2018,1,Fri,234865,27002,21086,642,4985,274049,341414,1606350,3877664,364468476,4349,125507153,
Show Dogs,Global Road Entertainment,Family,PG,5/18/2018,1,Fri,423,56,28,1,129,431,4578,55614,105959,18368097,3212,6023972,
Solo: A Star Wars Story,Disney,Action Adventure,PG-13,5/25/2018,1,Fri,130986,13223,6856,1134,22823,145426,44166,1682649,3692294,68680940,4381,84420489,Memorial Day
Action Point,Paramount,Zany Comedy,R,6/1/2018,1,Fri,976,95,88,4,36,792,24019,80433,192833,4221167,2032,2390164,
Adrift (2018),STX Entertainment,Human Interest Drama,PG-13,6/1/2018,1,Fri,1764,235,53,11,576,1849,72562,207583,644515,43321194,3015,11603039,
Upgrade,BH Tilt,Suspense/Thriller,R,6/1/2018,1,Fri,879,101,34,1,350,1244,35083,93933,179515,32536396,1457,4670905,
Hereditary,A24 Films,Horror,R,6/8/2018,1,Fri,3064,412,164,32,51,4544,114234,398091,1074396,29670793,2964,13575173,
Hotel Artemis,Global Road Entertainment,Action Drama,R,6/8/2018,1,Fri,1371,158,48,4,359,1624,13621,149338,365866,31153124,2407,3232790,
Ocean's 8,Warner Bros.,Action Comedy,PG-13,6/8/2018,1,Fri,18677,2319,839,107,1555,32302,113485,878984,2131604,43480544,4145,41607378,
SuperFly (2018),Sony Pictures,Action Drama,R,6/13/2018,1,Wed,889,181,20,4,484,1609,50001,56047,148836,8995792,2220,6870740,
Incredibles 2,Disney,Family,PG,6/15/2018,1,Fri,71707,15463,5931,2537,9381,297092,337328,761365,1695966,327155114,4410,182687905,
Tag (2018),Warner Bros.,Human Interest Comedy,R,6/15/2018,1,Fri,2594,319,398,10,391,3424,29738,267762,725865,12811761,3382,14947396,
Jurassic World: Fallen Kingdom,Universal,Action Adventure,PG-13,6/22/2018,1,Fri,74338,10744,3041,327,1714,71688,191896,1261748,3511836,250366271,4475,148024610,
Sicario: Day of the Soldado,Sony Pictures,Action Drama,R,6/29/2018,1,Fri,6798,679,182,18,478,8491,110064,404647,910410,29513817,3055,19007566,
Uncle Drew,Lionsgate Films,Human Interest Comedy,PG-13,6/29/2018,1,Fri,10275,1263,841,194,4504,18949,84315,149402,411293,26156683,2742,15242781,
The First Purge,Universal,Suspense/Thriller,R,7/4/2018,1,Wed,8171,698,439,121,12831,39138,143953,334799,784467,27414505,3031,17374280,
Ant-Man and the Wasp,Disney,Action Adventure,PG-13,7/6/2018,1,Fri,73257,9384,5671,279,19208,123617,23144,1268163,2978455,153935174,4206,75812205,
Hotel Transylvania 3: Summer Vacation,Sony Pictures,Family,PG,7/13/2018,1,Fri,6246,819,516,42,1638,17679,122706,305820,648467,87634322,4267,44076225,
Skyscraper,Universal,Action Drama,PG-13,7/13/2018,1,Fri,9588,1162,514,34,543,20353,39370,351100,846984,56889584,3782,24905015,
Sorry to Bother You,Annapurna Pictures,Human Interest Comedy,R,7/13/2018,1,Fri,NA,NA,NA,NA,NA,NA,NA,216597,468337,9181325,805,4208881,
The Equalizer 2,Sony Pictures,Action Drama,R,7/20/2018,1,Fri,5649,744,220,31,756,9867,165996,231634,584514,24739995,3388,36011640,
Mamma Mia! Here We Go Again,Universal,Romantic Comedy,PG-13,7/20/2018,1,Fri,18086,3645,867,367,2992,50874,202986,631303,1947179,64816736,3317,34952180,
Unfriended: Dark Web,BH Tilt,Horror,R,7/20/2018,1,Fri,3078,164,103,10,507,10602,53496,104503,251554,53794333,1546,3653035,
Mission: Impossible - Fallout,Paramount,Action Drama,PG-13,7/27/2018,1,Fri,25747,3026,2032,62,1519,45609,106490,844567,2024585,94569673,4386,61236534,
Teen Titans Go! To the Movies,Warner Bros.,Family,PG,7/27/2018,1,Fri,8265,1358,1473,149,1725,19067,21998,271074,563164,22822741,3188,10411189,
The Darkest Minds,20th Century Fox,Suspense/Thriller,PG-13,8/3/2018,1,Fri,4874,1032,214,13,931,6733,17606,182009,454861,31320693,3127,5842609,
Disney's Christopher Robin,Disney,Family,PG,8/3/2018,1,Fri,NA,NA,NA,NA,NA,NA,369498,518771,1190796,33553024,3602,24585139,
The Spy Who Dumped Me,Lionsgate Films,Action Comedy,R,8/3/2018,1,Fri,6507,1106,1010,22,972,14555,71583,148586,315621,21528834,3111,12103043,
Dog Days (2018),LD Entertainment,Human Interest Comedy,PG,8/8/2018,1,Wed,4029,642,249,22,832,4526,35182,64054,165451,9540511,2442,2554766,
BlacKkKlansman,Focus Features,Human Interest Drama,R,8/10/2018,1,Fri,10238,1087,959,26,5824,30291,161763,317678,707151,25200575,1512,10845330,
The Meg,Warner Bros.,Suspense/Thriller,PG-13,8/10/2018,1,Fri,10541,1437,465,75,2128,12527,107599,512881,1288605,61160015,4118,45402195,
Slender Man,Sony Pictures,Horror,PG-13,8/10/2018,1,Fri,4509,610,272,99,1097,7304,104668,173052,415272,35471756,2358,11371866,
Crazy Rich Asians,Warner Bros.,Romantic Comedy,PG-13,8/15/2018,1,Wed,15061,2933,2056,266,618,41267,45282,540037,1280654,19310646,3384,26510140,
Alpha (2018),Sony Pictures,Action Adventure,PG-13,8/17/2018,1,Fri,1106,180,25,5,966,2476,90636,105563,256388,35067192,2719,10352512,
Mile 22,STX Entertainment,Action Drama,R,8/17/2018,1,Fri,9568,773,226,10,3287,19907,103423,218128,567336,23477911,3520,13710825,
A.X.L.,Global Road Entertainment,Action Adventure,PG,8/24/2018,1,Fri,645,78,78,28,135,1307,4017,28497,60306,35643485,1710,2782017,
The Happytime Murders,STX Entertainment,Action Comedy,R,8/24/2018,1,Fri,3538,335,440,12,1797,7819,177364,248762,639227,28104439,3256,9532425,
Operation Finale,MGM Studios,Human Interest Drama,PG-13,8/29/2018,1,Wed,2414,198,48,4,1098,9118,31773,159300,401964,13190397,1818,9601678,
Kin (2018),Lionsgate Films,Action Drama,PG-13,8/31/2018,1,Fri,692,127,9,3,226,1402,22496,93272,207551,14851707,2141,3867703,
The Nun,Warner Bros.,Horror,R,9/7/2018,1,Fri,18625,2930,1025,275,3942,40944,345689,703902,2321407,57155548,3876,53807379,
Peppermint,STX Entertainment,Action Drama,R,9/7/2018,1,Fri,2707,407,111,8,489,4319,133237,110003,282431,12008304,2980,13423255,
God Bless the Broken Road,Freestyle Releasing,Human Interest Drama,PG,9/7/2018,1,Fri,340,58,8,1,120,665,8866,4881,12051,4001461,1272,1386254,
The Predator,20th Century Fox,Action Drama,R,9/14/2018,1,Fri,38355,2634,1674,78,4387,47687,138415,778184,1857228,65549839,4037,24632284,
A Simple Favor,Lionsgate Films,Suspense/Thriller,R,9/14/2018,1,Fri,6145,981,332,28,1158,11182,49149,402728,1499112,22427720,3102,16011689,
Unbroken: Path to Redemption,Pure Flix Entertainment,Human Interest Drama,PG-13,9/14/2018,1,Fri,1249,164,18,2,180,2776,129033,53889,140701,1187791,1620,2238723,
White Boy Rick,Sony Pictures,Human Interest Drama,R,9/14/2018,1,Fri,3844,799,111,75,542,8033,57983,375882,1372062,4343122,2504,8860431,
Assassination Nation,Neon,Suspense/Thriller,R,9/21/2018,1,Fri,6089,285,91,6,964,8199,11489,137348,355217,39559962,1403,1050021,
The House with a Clock in Its Walls,Universal,Family,PG,9/21/2018,1,Fri,4664,622,207,28,698,9763,55117,206228,503593,21551972,3592,26608020,
Life Itself (2018),Amazon Studios,Romantic Drama,R,9/21/2018,1,Fri,3540,300,189,18,905,5708,31027,139829,381763,25396535,2609,2123463,
Hell Fest,Lionsgate Films,Horror,R,9/28/2018,1,Fri,1764,310,64,19,480,4958,62949,46183,122050,10261508,2297,5130963,
Night School (2018),Universal,Human Interest Comedy,PG-13,9/28/2018,1,Fri,4978,792,1090,16,1152,8703,31012,103509,260414,40409302,3010,27257615,
Smallfoot,Warner Bros.,Family,PG,9/28/2018,1,Fri,9135,1322,515,28,2895,35917,39744,163001,379128,50860296,4131,23045635,
Little Women (2018),Pinnacle Peak,Human Interest Drama,PG-13,9/28/2018,1,Fri,570,98,32,5,290,1016,12860,13089,35739,2378295,643,705063,
A Star is Born (2018),Warner Bros.,Human Interest Drama,R,10/5/2018,1,Fri,41354,7527,1344,349,6347,179760,239850,891346,2844993,56326201,3686,42908051,
Venom (2018),Sony Pictures,Action Adventure,PG-13,10/5/2018,1,Fri,146748,17999,7661,1448,9346,195237,185522,1607234,4268040,429977209,4250,80255756,
First Man,Universal,Human Interest Drama,PG-13,10/12/2018,1,Fri,19366,1530,450,45,659,53106,23989,419205,897797,70500709,3640,16006065,
Bad Times at the El Royale,20th Century Fox,Suspense/Thriller,R,10/12/2018,1,Fri,10618,1096,270,28,4365,28105,52782,276310,779649,37355324,2808,7132647,
Goosebumps 2: Haunted Halloween,Sony Pictures,Family,PG,10/12/2018,1,Fri,3804,475,200,6,971,5340,66077,137122,330635,27899357,3521,15802225,
